--------------------------------------------------------
-- Archivo creado  - jueves-mayo-31-2018   
--------------------------------------------------------
--------------------------------------------------------
--  DDL for Table ARRIENDO
--------------------------------------------------------

  CREATE TABLE "BIKES"."ARRIENDO" 
   (	"ID_ARRIENDO" NUMBER(*,0), 
	"FECHAINICIO" DATE, 
	"FECHAFIN" DATE, 
	"DEPOSITOGARANTIA" NUMBER(*,0), 
	"USUARIO_ID_USUARIO" NUMBER(*,0), 
	"BICICLETA_ID_BICICLETA" NUMBER(*,0), 
	"PAGO_ID_FORMAPAGO" NUMBER(*,0)
   ) SEGMENT CREATION IMMEDIATE 
  PCTFREE 10 PCTUSED 40 INITRANS 1 MAXTRANS 255 NOCOMPRESS LOGGING
  STORAGE(INITIAL 65536 NEXT 1048576 MINEXTENTS 1 MAXEXTENTS 2147483645
  PCTINCREASE 0 FREELISTS 1 FREELIST GROUPS 1 BUFFER_POOL DEFAULT FLASH_CACHE DEFAULT CELL_FLASH_CACHE DEFAULT)
  TABLESPACE "USERS" ;
--------------------------------------------------------
--  DDL for Table BICICLETA
--------------------------------------------------------

  CREATE TABLE "BIKES"."BICICLETA" 
   (	"ID_BICICLETA" NUMBER(*,0), 
	"MARCA" VARCHAR2(20 BYTE), 
	"MODELO" VARCHAR2(20 BYTE), 
	"TIPOBICICLETA_ID_TIPOBICICLETA" NUMBER(*,0)
   ) SEGMENT CREATION IMMEDIATE 
  PCTFREE 10 PCTUSED 40 INITRANS 1 MAXTRANS 255 NOCOMPRESS LOGGING
  STORAGE(INITIAL 65536 NEXT 1048576 MINEXTENTS 1 MAXEXTENTS 2147483645
  PCTINCREASE 0 FREELISTS 1 FREELIST GROUPS 1 BUFFER_POOL DEFAULT FLASH_CACHE DEFAULT CELL_FLASH_CACHE DEFAULT)
  TABLESPACE "USERS" ;
--------------------------------------------------------
--  DDL for Table CIUDAD
--------------------------------------------------------

  CREATE TABLE "BIKES"."CIUDAD" 
   (	"ID_CIUDAD" NUMBER(*,0), 
	"NOMBRE" VARCHAR2(50 BYTE)
   ) SEGMENT CREATION IMMEDIATE 
  PCTFREE 10 PCTUSED 40 INITRANS 1 MAXTRANS 255 NOCOMPRESS LOGGING
  STORAGE(INITIAL 65536 NEXT 1048576 MINEXTENTS 1 MAXEXTENTS 2147483645
  PCTINCREASE 0 FREELISTS 1 FREELIST GROUPS 1 BUFFER_POOL DEFAULT FLASH_CACHE DEFAULT CELL_FLASH_CACHE DEFAULT)
  TABLESPACE "USERS" ;
--------------------------------------------------------
--  DDL for Table COMUNA
--------------------------------------------------------

  CREATE TABLE "BIKES"."COMUNA" 
   (	"ID_COMUNA" NUMBER(*,0), 
	"NOMBRE" VARCHAR2(50 BYTE), 
	"CIUDAD_ID_CIUDAD" NUMBER(*,0)
   ) SEGMENT CREATION IMMEDIATE 
  PCTFREE 10 PCTUSED 40 INITRANS 1 MAXTRANS 255 NOCOMPRESS LOGGING
  STORAGE(INITIAL 65536 NEXT 1048576 MINEXTENTS 1 MAXEXTENTS 2147483645
  PCTINCREASE 0 FREELISTS 1 FREELIST GROUPS 1 BUFFER_POOL DEFAULT FLASH_CACHE DEFAULT CELL_FLASH_CACHE DEFAULT)
  TABLESPACE "USERS" ;
--------------------------------------------------------
--  DDL for Table DESPACHO
--------------------------------------------------------

  CREATE TABLE "BIKES"."DESPACHO" 
   (	"ID_DESPACHO" NUMBER(*,0), 
	"DIRECCION" VARCHAR2(100 BYTE), 
	"TIPODESPACHO_ID_TIPODESPACHO" NUMBER(*,0), 
	"ID_ESTADODESPACHO" NUMBER(*,0), 
	"USUARIO_ID_USUARIO" NUMBER(*,0)
   ) SEGMENT CREATION IMMEDIATE 
  PCTFREE 10 PCTUSED 40 INITRANS 1 MAXTRANS 255 NOCOMPRESS LOGGING
  STORAGE(INITIAL 65536 NEXT 1048576 MINEXTENTS 1 MAXEXTENTS 2147483645
  PCTINCREASE 0 FREELISTS 1 FREELIST GROUPS 1 BUFFER_POOL DEFAULT FLASH_CACHE DEFAULT CELL_FLASH_CACHE DEFAULT)
  TABLESPACE "USERS" ;
--------------------------------------------------------
--  DDL for Table ESTADODESPACHO
--------------------------------------------------------

  CREATE TABLE "BIKES"."ESTADODESPACHO" 
   (	"ID_ESTADODESPACHO" NUMBER(*,0), 
	"DESCRIPCION" VARCHAR2(100 BYTE)
   ) SEGMENT CREATION IMMEDIATE 
  PCTFREE 10 PCTUSED 40 INITRANS 1 MAXTRANS 255 NOCOMPRESS LOGGING
  STORAGE(INITIAL 65536 NEXT 1048576 MINEXTENTS 1 MAXEXTENTS 2147483645
  PCTINCREASE 0 FREELISTS 1 FREELIST GROUPS 1 BUFFER_POOL DEFAULT FLASH_CACHE DEFAULT CELL_FLASH_CACHE DEFAULT)
  TABLESPACE "USERS" ;
--------------------------------------------------------
--  DDL for Table ESTADOREPARACION
--------------------------------------------------------

  CREATE TABLE "BIKES"."ESTADOREPARACION" 
   (	"ID_ESTADOREPARACION" NUMBER(*,0), 
	"NOMBRE" VARCHAR2(20 BYTE)
   ) SEGMENT CREATION IMMEDIATE 
  PCTFREE 10 PCTUSED 40 INITRANS 1 MAXTRANS 255 NOCOMPRESS LOGGING
  STORAGE(INITIAL 65536 NEXT 1048576 MINEXTENTS 1 MAXEXTENTS 2147483645
  PCTINCREASE 0 FREELISTS 1 FREELIST GROUPS 1 BUFFER_POOL DEFAULT FLASH_CACHE DEFAULT CELL_FLASH_CACHE DEFAULT)
  TABLESPACE "USERS" ;
--------------------------------------------------------
--  DDL for Table HISTORIALMANTENCIONES
--------------------------------------------------------

  CREATE TABLE "BIKES"."HISTORIALMANTENCIONES" 
   (	"ID_MANTENCION" NUMBER(*,0), 
	"REPARACION_ID_REPARACION" NUMBER(*,0)
   ) SEGMENT CREATION IMMEDIATE 
  PCTFREE 10 PCTUSED 40 INITRANS 1 MAXTRANS 255 NOCOMPRESS LOGGING
  STORAGE(INITIAL 65536 NEXT 1048576 MINEXTENTS 1 MAXEXTENTS 2147483645
  PCTINCREASE 0 FREELISTS 1 FREELIST GROUPS 1 BUFFER_POOL DEFAULT FLASH_CACHE DEFAULT CELL_FLASH_CACHE DEFAULT)
  TABLESPACE "USERS" ;
--------------------------------------------------------
--  DDL for Table PAGO
--------------------------------------------------------

  CREATE TABLE "BIKES"."PAGO" 
   (	"ID_FORMAPAGO" NUMBER(*,0), 
	"NOMBRE" VARCHAR2(20 BYTE)
   ) SEGMENT CREATION IMMEDIATE 
  PCTFREE 10 PCTUSED 40 INITRANS 1 MAXTRANS 255 NOCOMPRESS LOGGING
  STORAGE(INITIAL 65536 NEXT 1048576 MINEXTENTS 1 MAXEXTENTS 2147483645
  PCTINCREASE 0 FREELISTS 1 FREELIST GROUPS 1 BUFFER_POOL DEFAULT FLASH_CACHE DEFAULT CELL_FLASH_CACHE DEFAULT)
  TABLESPACE "USERS" ;
--------------------------------------------------------
--  DDL for Table PROVEEDOR
--------------------------------------------------------

  CREATE TABLE "BIKES"."PROVEEDOR" 
   (	"ID_PROVEEDOR" NUMBER(*,0), 
	"NOMBRE" VARCHAR2(20 BYTE), 
	"USUARIO_ID_USUARIO" NUMBER(*,0)
   ) SEGMENT CREATION IMMEDIATE 
  PCTFREE 10 PCTUSED 40 INITRANS 1 MAXTRANS 255 NOCOMPRESS LOGGING
  STORAGE(INITIAL 65536 NEXT 1048576 MINEXTENTS 1 MAXEXTENTS 2147483645
  PCTINCREASE 0 FREELISTS 1 FREELIST GROUPS 1 BUFFER_POOL DEFAULT FLASH_CACHE DEFAULT CELL_FLASH_CACHE DEFAULT)
  TABLESPACE "USERS" ;
--------------------------------------------------------
--  DDL for Table REPARACION
--------------------------------------------------------

  CREATE TABLE "BIKES"."REPARACION" 
   (	"ID_REPARACION" NUMBER(*,0), 
	"DESCRIPCION" VARCHAR2(100 BYTE), 
	"USUARIO_ID_USUARIO" NUMBER(*,0), 
	"ID_ESTADOREPARACION" NUMBER(*,0)
   ) SEGMENT CREATION IMMEDIATE 
  PCTFREE 10 PCTUSED 40 INITRANS 1 MAXTRANS 255 NOCOMPRESS LOGGING
  STORAGE(INITIAL 65536 NEXT 1048576 MINEXTENTS 1 MAXEXTENTS 2147483645
  PCTINCREASE 0 FREELISTS 1 FREELIST GROUPS 1 BUFFER_POOL DEFAULT FLASH_CACHE DEFAULT CELL_FLASH_CACHE DEFAULT)
  TABLESPACE "USERS" ;
--------------------------------------------------------
--  DDL for Table TIPOBICICLETA
--------------------------------------------------------

  CREATE TABLE "BIKES"."TIPOBICICLETA" 
   (	"ID_TIPOBICICLETA" NUMBER(*,0), 
	"NOMBRE" VARCHAR2(20 BYTE), 
	"DESCRIPCION" VARCHAR2(100 BYTE)
   ) SEGMENT CREATION IMMEDIATE 
  PCTFREE 10 PCTUSED 40 INITRANS 1 MAXTRANS 255 NOCOMPRESS LOGGING
  STORAGE(INITIAL 65536 NEXT 1048576 MINEXTENTS 1 MAXEXTENTS 2147483645
  PCTINCREASE 0 FREELISTS 1 FREELIST GROUPS 1 BUFFER_POOL DEFAULT FLASH_CACHE DEFAULT CELL_FLASH_CACHE DEFAULT)
  TABLESPACE "USERS" ;
--------------------------------------------------------
--  DDL for Table TIPODESPACHO
--------------------------------------------------------

  CREATE TABLE "BIKES"."TIPODESPACHO" 
   (	"ID_TIPODESPACHO" NUMBER(*,0), 
	"NOMBRE" VARCHAR2(20 BYTE)
   ) SEGMENT CREATION IMMEDIATE 
  PCTFREE 10 PCTUSED 40 INITRANS 1 MAXTRANS 255 NOCOMPRESS LOGGING
  STORAGE(INITIAL 65536 NEXT 1048576 MINEXTENTS 1 MAXEXTENTS 2147483645
  PCTINCREASE 0 FREELISTS 1 FREELIST GROUPS 1 BUFFER_POOL DEFAULT FLASH_CACHE DEFAULT CELL_FLASH_CACHE DEFAULT)
  TABLESPACE "USERS" ;
--------------------------------------------------------
--  DDL for Table TIPOUSUARIO
--------------------------------------------------------

  CREATE TABLE "BIKES"."TIPOUSUARIO" 
   (	"ID_TIPOUSUARIO" NUMBER(*,0), 
	"NOMBRE" VARCHAR2(50 BYTE), 
	"DESCRIPCION" VARCHAR2(100 BYTE)
   ) SEGMENT CREATION IMMEDIATE 
  PCTFREE 10 PCTUSED 40 INITRANS 1 MAXTRANS 255 NOCOMPRESS LOGGING
  STORAGE(INITIAL 65536 NEXT 1048576 MINEXTENTS 1 MAXEXTENTS 2147483645
  PCTINCREASE 0 FREELISTS 1 FREELIST GROUPS 1 BUFFER_POOL DEFAULT FLASH_CACHE DEFAULT CELL_FLASH_CACHE DEFAULT)
  TABLESPACE "USERS" ;
--------------------------------------------------------
--  DDL for Table USUARIO
--------------------------------------------------------

  CREATE TABLE "BIKES"."USUARIO" 
   (	"ID_USUARIO" NUMBER(*,0), 
	"RUT" VARCHAR2(20 BYTE), 
	"NOMBRE" VARCHAR2(20 BYTE), 
	"APELLIDO" VARCHAR2(20 BYTE), 
	"EMAIL" VARCHAR2(50 BYTE), 
	"SEXO" VARCHAR2(20 BYTE), 
	"EDAD" NUMBER(*,0), 
	"DIRECCION" VARCHAR2(100 BYTE), 
	"USERNAME" VARCHAR2(20 BYTE), 
	"PASSWORD" VARCHAR2(20 BYTE), 
	"COMUNA_ID_COMUNA" NUMBER(*,0), 
	"TIPOUSUARIO_ID_TIPOUSUARIO" NUMBER(*,0)
   ) SEGMENT CREATION IMMEDIATE 
  PCTFREE 10 PCTUSED 40 INITRANS 1 MAXTRANS 255 NOCOMPRESS LOGGING
  STORAGE(INITIAL 65536 NEXT 1048576 MINEXTENTS 1 MAXEXTENTS 2147483645
  PCTINCREASE 0 FREELISTS 1 FREELIST GROUPS 1 BUFFER_POOL DEFAULT FLASH_CACHE DEFAULT CELL_FLASH_CACHE DEFAULT)
  TABLESPACE "USERS" ;
REM INSERTING into BIKES.ARRIENDO
SET DEFINE OFF;
REM INSERTING into BIKES.BICICLETA
SET DEFINE OFF;
Insert into BIKES.BICICLETA (ID_BICICLETA,MARCA,MODELO,TIPOBICICLETA_ID_TIPOBICICLETA) values ('1','master','modelo_master','1');
Insert into BIKES.BICICLETA (ID_BICICLETA,MARCA,MODELO,TIPOBICICLETA_ID_TIPOBICICLETA) values ('2','marca','modelo','1');
Insert into BIKES.BICICLETA (ID_BICICLETA,MARCA,MODELO,TIPOBICICLETA_ID_TIPOBICICLETA) values ('3','cachiyuyo','hole','1');
REM INSERTING into BIKES.CIUDAD
SET DEFINE OFF;
Insert into BIKES.CIUDAD (ID_CIUDAD,NOMBRE) values ('14','Region de Los Rios');
Insert into BIKES.CIUDAD (ID_CIUDAD,NOMBRE) values ('13','Region Metropolitana');
Insert into BIKES.CIUDAD (ID_CIUDAD,NOMBRE) values ('12','Region de Magallanes y la Antartica Chilena');
Insert into BIKES.CIUDAD (ID_CIUDAD,NOMBRE) values ('11','Region de Aysen');
Insert into BIKES.CIUDAD (ID_CIUDAD,NOMBRE) values ('10','Region de Los Lagos');
Insert into BIKES.CIUDAD (ID_CIUDAD,NOMBRE) values ('9','Region de la Araucana');
Insert into BIKES.CIUDAD (ID_CIUDAD,NOMBRE) values ('8','Region del Bio-Bio');
Insert into BIKES.CIUDAD (ID_CIUDAD,NOMBRE) values ('7','Region del Maule');
Insert into BIKES.CIUDAD (ID_CIUDAD,NOMBRE) values ('6','Region del Libertador General Bernardo O Higgins');
Insert into BIKES.CIUDAD (ID_CIUDAD,NOMBRE) values ('5','Region de Valparaiso');
Insert into BIKES.CIUDAD (ID_CIUDAD,NOMBRE) values ('4','Region de Coquimbo');
Insert into BIKES.CIUDAD (ID_CIUDAD,NOMBRE) values ('3','Region de Atacama');
Insert into BIKES.CIUDAD (ID_CIUDAD,NOMBRE) values ('2','Region de Antofagasta');
Insert into BIKES.CIUDAD (ID_CIUDAD,NOMBRE) values ('15','Region de Arica y Parinacota');
Insert into BIKES.CIUDAD (ID_CIUDAD,NOMBRE) values ('16','Region de Tarapaca');
Insert into BIKES.CIUDAD (ID_CIUDAD,NOMBRE) values ('1','Santiago');
REM INSERTING into BIKES.COMUNA
SET DEFINE OFF;
Insert into BIKES.COMUNA (ID_COMUNA,NOMBRE,CIUDAD_ID_CIUDAD) values ('2','Camarones','15');
Insert into BIKES.COMUNA (ID_COMUNA,NOMBRE,CIUDAD_ID_CIUDAD) values ('3','Putre','15');
Insert into BIKES.COMUNA (ID_COMUNA,NOMBRE,CIUDAD_ID_CIUDAD) values ('4','General Lagos','15');
Insert into BIKES.COMUNA (ID_COMUNA,NOMBRE,CIUDAD_ID_CIUDAD) values ('5','Iquique','1');
Insert into BIKES.COMUNA (ID_COMUNA,NOMBRE,CIUDAD_ID_CIUDAD) values ('6','Alto Hospicio','1');
Insert into BIKES.COMUNA (ID_COMUNA,NOMBRE,CIUDAD_ID_CIUDAD) values ('7','Pozo Almonte','1');
Insert into BIKES.COMUNA (ID_COMUNA,NOMBRE,CIUDAD_ID_CIUDAD) values ('8','Camiña','1');
Insert into BIKES.COMUNA (ID_COMUNA,NOMBRE,CIUDAD_ID_CIUDAD) values ('9','Colchane','1');
Insert into BIKES.COMUNA (ID_COMUNA,NOMBRE,CIUDAD_ID_CIUDAD) values ('10','Huara','1');
Insert into BIKES.COMUNA (ID_COMUNA,NOMBRE,CIUDAD_ID_CIUDAD) values ('11','Pica','1');
Insert into BIKES.COMUNA (ID_COMUNA,NOMBRE,CIUDAD_ID_CIUDAD) values ('12','Antofagasta','2');
Insert into BIKES.COMUNA (ID_COMUNA,NOMBRE,CIUDAD_ID_CIUDAD) values ('13','Mejillones','2');
Insert into BIKES.COMUNA (ID_COMUNA,NOMBRE,CIUDAD_ID_CIUDAD) values ('14','Sierra Gorda','2');
Insert into BIKES.COMUNA (ID_COMUNA,NOMBRE,CIUDAD_ID_CIUDAD) values ('15','Taltal','2');
Insert into BIKES.COMUNA (ID_COMUNA,NOMBRE,CIUDAD_ID_CIUDAD) values ('16','Calama','2');
Insert into BIKES.COMUNA (ID_COMUNA,NOMBRE,CIUDAD_ID_CIUDAD) values ('17','Ollague','2');
Insert into BIKES.COMUNA (ID_COMUNA,NOMBRE,CIUDAD_ID_CIUDAD) values ('18','San Pedro de Atacama','2');
Insert into BIKES.COMUNA (ID_COMUNA,NOMBRE,CIUDAD_ID_CIUDAD) values ('19','Tocopilla','2');
Insert into BIKES.COMUNA (ID_COMUNA,NOMBRE,CIUDAD_ID_CIUDAD) values ('20','María Elena','2');
Insert into BIKES.COMUNA (ID_COMUNA,NOMBRE,CIUDAD_ID_CIUDAD) values ('21','Copiapo','3');
Insert into BIKES.COMUNA (ID_COMUNA,NOMBRE,CIUDAD_ID_CIUDAD) values ('22','Caldera','3');
Insert into BIKES.COMUNA (ID_COMUNA,NOMBRE,CIUDAD_ID_CIUDAD) values ('23','Tierra Amarilla','3');
Insert into BIKES.COMUNA (ID_COMUNA,NOMBRE,CIUDAD_ID_CIUDAD) values ('24','Chañaral','3');
Insert into BIKES.COMUNA (ID_COMUNA,NOMBRE,CIUDAD_ID_CIUDAD) values ('25','Diego de Almagro','3');
Insert into BIKES.COMUNA (ID_COMUNA,NOMBRE,CIUDAD_ID_CIUDAD) values ('26','Vallenar','3');
Insert into BIKES.COMUNA (ID_COMUNA,NOMBRE,CIUDAD_ID_CIUDAD) values ('27','Alto del Carmen','3');
Insert into BIKES.COMUNA (ID_COMUNA,NOMBRE,CIUDAD_ID_CIUDAD) values ('28','Freirina','3');
Insert into BIKES.COMUNA (ID_COMUNA,NOMBRE,CIUDAD_ID_CIUDAD) values ('29','Huasco','3');
Insert into BIKES.COMUNA (ID_COMUNA,NOMBRE,CIUDAD_ID_CIUDAD) values ('30','La Serena','4');
Insert into BIKES.COMUNA (ID_COMUNA,NOMBRE,CIUDAD_ID_CIUDAD) values ('31','Coquimbo','4');
Insert into BIKES.COMUNA (ID_COMUNA,NOMBRE,CIUDAD_ID_CIUDAD) values ('32','Andacollo','4');
Insert into BIKES.COMUNA (ID_COMUNA,NOMBRE,CIUDAD_ID_CIUDAD) values ('33','La Higuera','4');
Insert into BIKES.COMUNA (ID_COMUNA,NOMBRE,CIUDAD_ID_CIUDAD) values ('34','Paiguano','4');
Insert into BIKES.COMUNA (ID_COMUNA,NOMBRE,CIUDAD_ID_CIUDAD) values ('35','Vicuña','4');
Insert into BIKES.COMUNA (ID_COMUNA,NOMBRE,CIUDAD_ID_CIUDAD) values ('36','Illapel','4');
Insert into BIKES.COMUNA (ID_COMUNA,NOMBRE,CIUDAD_ID_CIUDAD) values ('37','Canela','4');
Insert into BIKES.COMUNA (ID_COMUNA,NOMBRE,CIUDAD_ID_CIUDAD) values ('38','Los Vilos','4');
Insert into BIKES.COMUNA (ID_COMUNA,NOMBRE,CIUDAD_ID_CIUDAD) values ('39','Salamanca','4');
Insert into BIKES.COMUNA (ID_COMUNA,NOMBRE,CIUDAD_ID_CIUDAD) values ('40','Ovalle','4');
Insert into BIKES.COMUNA (ID_COMUNA,NOMBRE,CIUDAD_ID_CIUDAD) values ('41','Combarbala','4');
Insert into BIKES.COMUNA (ID_COMUNA,NOMBRE,CIUDAD_ID_CIUDAD) values ('42','Monte Patria','4');
Insert into BIKES.COMUNA (ID_COMUNA,NOMBRE,CIUDAD_ID_CIUDAD) values ('43','Punitaqui','4');
Insert into BIKES.COMUNA (ID_COMUNA,NOMBRE,CIUDAD_ID_CIUDAD) values ('44','Rio Hurtado','4');
Insert into BIKES.COMUNA (ID_COMUNA,NOMBRE,CIUDAD_ID_CIUDAD) values ('45','Valparaiso','5');
Insert into BIKES.COMUNA (ID_COMUNA,NOMBRE,CIUDAD_ID_CIUDAD) values ('46','Casablanca','5');
Insert into BIKES.COMUNA (ID_COMUNA,NOMBRE,CIUDAD_ID_CIUDAD) values ('47','Concon','5');
Insert into BIKES.COMUNA (ID_COMUNA,NOMBRE,CIUDAD_ID_CIUDAD) values ('48','Juan Fernandez','5');
Insert into BIKES.COMUNA (ID_COMUNA,NOMBRE,CIUDAD_ID_CIUDAD) values ('49','Puchuncavi','5');
Insert into BIKES.COMUNA (ID_COMUNA,NOMBRE,CIUDAD_ID_CIUDAD) values ('50','Quintero','5');
Insert into BIKES.COMUNA (ID_COMUNA,NOMBRE,CIUDAD_ID_CIUDAD) values ('51','Viña del Mar','5');
Insert into BIKES.COMUNA (ID_COMUNA,NOMBRE,CIUDAD_ID_CIUDAD) values ('52','Isla de Pascua','5');
Insert into BIKES.COMUNA (ID_COMUNA,NOMBRE,CIUDAD_ID_CIUDAD) values ('53','Los Andes','5');
Insert into BIKES.COMUNA (ID_COMUNA,NOMBRE,CIUDAD_ID_CIUDAD) values ('54','Calle Larga','5');
Insert into BIKES.COMUNA (ID_COMUNA,NOMBRE,CIUDAD_ID_CIUDAD) values ('55','Rinconada','5');
Insert into BIKES.COMUNA (ID_COMUNA,NOMBRE,CIUDAD_ID_CIUDAD) values ('56','San Esteban','5');
Insert into BIKES.COMUNA (ID_COMUNA,NOMBRE,CIUDAD_ID_CIUDAD) values ('57','La Ligua','5');
Insert into BIKES.COMUNA (ID_COMUNA,NOMBRE,CIUDAD_ID_CIUDAD) values ('58','Cabildo','5');
Insert into BIKES.COMUNA (ID_COMUNA,NOMBRE,CIUDAD_ID_CIUDAD) values ('59','Papudo','5');
Insert into BIKES.COMUNA (ID_COMUNA,NOMBRE,CIUDAD_ID_CIUDAD) values ('60','Petorca','5');
Insert into BIKES.COMUNA (ID_COMUNA,NOMBRE,CIUDAD_ID_CIUDAD) values ('61','Zapallar','5');
Insert into BIKES.COMUNA (ID_COMUNA,NOMBRE,CIUDAD_ID_CIUDAD) values ('62','Quillota','5');
Insert into BIKES.COMUNA (ID_COMUNA,NOMBRE,CIUDAD_ID_CIUDAD) values ('63','Calera','5');
Insert into BIKES.COMUNA (ID_COMUNA,NOMBRE,CIUDAD_ID_CIUDAD) values ('64','Hijuelas','5');
Insert into BIKES.COMUNA (ID_COMUNA,NOMBRE,CIUDAD_ID_CIUDAD) values ('65','La Cruz','5');
Insert into BIKES.COMUNA (ID_COMUNA,NOMBRE,CIUDAD_ID_CIUDAD) values ('66','Nogales','5');
Insert into BIKES.COMUNA (ID_COMUNA,NOMBRE,CIUDAD_ID_CIUDAD) values ('67','San Antonio','5');
Insert into BIKES.COMUNA (ID_COMUNA,NOMBRE,CIUDAD_ID_CIUDAD) values ('68','Algarrobo','5');
Insert into BIKES.COMUNA (ID_COMUNA,NOMBRE,CIUDAD_ID_CIUDAD) values ('69','Cartagena','5');
Insert into BIKES.COMUNA (ID_COMUNA,NOMBRE,CIUDAD_ID_CIUDAD) values ('70','El Quisco','5');
Insert into BIKES.COMUNA (ID_COMUNA,NOMBRE,CIUDAD_ID_CIUDAD) values ('71','El Tabo','5');
Insert into BIKES.COMUNA (ID_COMUNA,NOMBRE,CIUDAD_ID_CIUDAD) values ('72','Santo Domingo','5');
Insert into BIKES.COMUNA (ID_COMUNA,NOMBRE,CIUDAD_ID_CIUDAD) values ('73','San Felipe','5');
Insert into BIKES.COMUNA (ID_COMUNA,NOMBRE,CIUDAD_ID_CIUDAD) values ('74','Catemu','5');
Insert into BIKES.COMUNA (ID_COMUNA,NOMBRE,CIUDAD_ID_CIUDAD) values ('75','Llay-Llay','5');
Insert into BIKES.COMUNA (ID_COMUNA,NOMBRE,CIUDAD_ID_CIUDAD) values ('76','Panquehue','5');
Insert into BIKES.COMUNA (ID_COMUNA,NOMBRE,CIUDAD_ID_CIUDAD) values ('77','Putaendo','5');
Insert into BIKES.COMUNA (ID_COMUNA,NOMBRE,CIUDAD_ID_CIUDAD) values ('78','Santa Maria','5');
Insert into BIKES.COMUNA (ID_COMUNA,NOMBRE,CIUDAD_ID_CIUDAD) values ('79','Quilpue','5');
Insert into BIKES.COMUNA (ID_COMUNA,NOMBRE,CIUDAD_ID_CIUDAD) values ('80','Limache','5');
Insert into BIKES.COMUNA (ID_COMUNA,NOMBRE,CIUDAD_ID_CIUDAD) values ('81','Olmue','5');
Insert into BIKES.COMUNA (ID_COMUNA,NOMBRE,CIUDAD_ID_CIUDAD) values ('82','Villa Alemana','5');
Insert into BIKES.COMUNA (ID_COMUNA,NOMBRE,CIUDAD_ID_CIUDAD) values ('83','Rancagua','6');
Insert into BIKES.COMUNA (ID_COMUNA,NOMBRE,CIUDAD_ID_CIUDAD) values ('84','Codegua','6');
Insert into BIKES.COMUNA (ID_COMUNA,NOMBRE,CIUDAD_ID_CIUDAD) values ('85','Coico','6');
Insert into BIKES.COMUNA (ID_COMUNA,NOMBRE,CIUDAD_ID_CIUDAD) values ('86','Coltauco','6');
Insert into BIKES.COMUNA (ID_COMUNA,NOMBRE,CIUDAD_ID_CIUDAD) values ('87','Doñihue','6');
Insert into BIKES.COMUNA (ID_COMUNA,NOMBRE,CIUDAD_ID_CIUDAD) values ('88','Graneros','6');
Insert into BIKES.COMUNA (ID_COMUNA,NOMBRE,CIUDAD_ID_CIUDAD) values ('89','Las Cabras','6');
Insert into BIKES.COMUNA (ID_COMUNA,NOMBRE,CIUDAD_ID_CIUDAD) values ('90','Machali','6');
Insert into BIKES.COMUNA (ID_COMUNA,NOMBRE,CIUDAD_ID_CIUDAD) values ('91','Malloa','6');
Insert into BIKES.COMUNA (ID_COMUNA,NOMBRE,CIUDAD_ID_CIUDAD) values ('92','Mostazal','6');
Insert into BIKES.COMUNA (ID_COMUNA,NOMBRE,CIUDAD_ID_CIUDAD) values ('93','Olivar','6');
Insert into BIKES.COMUNA (ID_COMUNA,NOMBRE,CIUDAD_ID_CIUDAD) values ('94','Peumo','6');
Insert into BIKES.COMUNA (ID_COMUNA,NOMBRE,CIUDAD_ID_CIUDAD) values ('95','Pichigua','6');
Insert into BIKES.COMUNA (ID_COMUNA,NOMBRE,CIUDAD_ID_CIUDAD) values ('96','Quinta de Tilcoco','6');
Insert into BIKES.COMUNA (ID_COMUNA,NOMBRE,CIUDAD_ID_CIUDAD) values ('97','Rengo','6');
Insert into BIKES.COMUNA (ID_COMUNA,NOMBRE,CIUDAD_ID_CIUDAD) values ('98','Requinoa','6');
Insert into BIKES.COMUNA (ID_COMUNA,NOMBRE,CIUDAD_ID_CIUDAD) values ('99','San Vicente','6');
Insert into BIKES.COMUNA (ID_COMUNA,NOMBRE,CIUDAD_ID_CIUDAD) values ('100','Pichilemu','6');
Insert into BIKES.COMUNA (ID_COMUNA,NOMBRE,CIUDAD_ID_CIUDAD) values ('101','La Estrella','6');
Insert into BIKES.COMUNA (ID_COMUNA,NOMBRE,CIUDAD_ID_CIUDAD) values ('102','Litueche','6');
Insert into BIKES.COMUNA (ID_COMUNA,NOMBRE,CIUDAD_ID_CIUDAD) values ('103','Marchihue','6');
Insert into BIKES.COMUNA (ID_COMUNA,NOMBRE,CIUDAD_ID_CIUDAD) values ('104','Navidad','6');
Insert into BIKES.COMUNA (ID_COMUNA,NOMBRE,CIUDAD_ID_CIUDAD) values ('105','Paredenes','6');
Insert into BIKES.COMUNA (ID_COMUNA,NOMBRE,CIUDAD_ID_CIUDAD) values ('106','San Fernando','6');
Insert into BIKES.COMUNA (ID_COMUNA,NOMBRE,CIUDAD_ID_CIUDAD) values ('107','Chepica','6');
Insert into BIKES.COMUNA (ID_COMUNA,NOMBRE,CIUDAD_ID_CIUDAD) values ('108','Chimbarongo','6');
Insert into BIKES.COMUNA (ID_COMUNA,NOMBRE,CIUDAD_ID_CIUDAD) values ('109','Lolol','6');
Insert into BIKES.COMUNA (ID_COMUNA,NOMBRE,CIUDAD_ID_CIUDAD) values ('110','Nancagua','6');
Insert into BIKES.COMUNA (ID_COMUNA,NOMBRE,CIUDAD_ID_CIUDAD) values ('111','Palmilla','6');
Insert into BIKES.COMUNA (ID_COMUNA,NOMBRE,CIUDAD_ID_CIUDAD) values ('112','Peralillo','6');
Insert into BIKES.COMUNA (ID_COMUNA,NOMBRE,CIUDAD_ID_CIUDAD) values ('113','Placilla','6');
Insert into BIKES.COMUNA (ID_COMUNA,NOMBRE,CIUDAD_ID_CIUDAD) values ('114','Pumanque','6');
Insert into BIKES.COMUNA (ID_COMUNA,NOMBRE,CIUDAD_ID_CIUDAD) values ('115','Santa Cruz','6');
Insert into BIKES.COMUNA (ID_COMUNA,NOMBRE,CIUDAD_ID_CIUDAD) values ('116','Talca','7');
Insert into BIKES.COMUNA (ID_COMUNA,NOMBRE,CIUDAD_ID_CIUDAD) values ('117','Constitucion','7');
Insert into BIKES.COMUNA (ID_COMUNA,NOMBRE,CIUDAD_ID_CIUDAD) values ('118','Curepto','7');
Insert into BIKES.COMUNA (ID_COMUNA,NOMBRE,CIUDAD_ID_CIUDAD) values ('119','Empedrado','7');
Insert into BIKES.COMUNA (ID_COMUNA,NOMBRE,CIUDAD_ID_CIUDAD) values ('120','Maule','7');
Insert into BIKES.COMUNA (ID_COMUNA,NOMBRE,CIUDAD_ID_CIUDAD) values ('121','Pelarco','7');
Insert into BIKES.COMUNA (ID_COMUNA,NOMBRE,CIUDAD_ID_CIUDAD) values ('122','Pencahue','7');
Insert into BIKES.COMUNA (ID_COMUNA,NOMBRE,CIUDAD_ID_CIUDAD) values ('123','Rio Claro','7');
Insert into BIKES.COMUNA (ID_COMUNA,NOMBRE,CIUDAD_ID_CIUDAD) values ('124','San Clemente','7');
Insert into BIKES.COMUNA (ID_COMUNA,NOMBRE,CIUDAD_ID_CIUDAD) values ('125','San Rafael','7');
Insert into BIKES.COMUNA (ID_COMUNA,NOMBRE,CIUDAD_ID_CIUDAD) values ('126','Cauquenes','7');
Insert into BIKES.COMUNA (ID_COMUNA,NOMBRE,CIUDAD_ID_CIUDAD) values ('127','Chanco','7');
Insert into BIKES.COMUNA (ID_COMUNA,NOMBRE,CIUDAD_ID_CIUDAD) values ('128','Pelluhue','7');
Insert into BIKES.COMUNA (ID_COMUNA,NOMBRE,CIUDAD_ID_CIUDAD) values ('129','Curico','7');
Insert into BIKES.COMUNA (ID_COMUNA,NOMBRE,CIUDAD_ID_CIUDAD) values ('130','Hualañe','7');
Insert into BIKES.COMUNA (ID_COMUNA,NOMBRE,CIUDAD_ID_CIUDAD) values ('131','Licanten','7');
Insert into BIKES.COMUNA (ID_COMUNA,NOMBRE,CIUDAD_ID_CIUDAD) values ('132','Molina','7');
Insert into BIKES.COMUNA (ID_COMUNA,NOMBRE,CIUDAD_ID_CIUDAD) values ('133','Rauco','7');
Insert into BIKES.COMUNA (ID_COMUNA,NOMBRE,CIUDAD_ID_CIUDAD) values ('134','Romeral','7');
Insert into BIKES.COMUNA (ID_COMUNA,NOMBRE,CIUDAD_ID_CIUDAD) values ('135','Sagrada Familia','7');
Insert into BIKES.COMUNA (ID_COMUNA,NOMBRE,CIUDAD_ID_CIUDAD) values ('136','Teno','7');
Insert into BIKES.COMUNA (ID_COMUNA,NOMBRE,CIUDAD_ID_CIUDAD) values ('137','Vichuquen','7');
Insert into BIKES.COMUNA (ID_COMUNA,NOMBRE,CIUDAD_ID_CIUDAD) values ('138','Linares','7');
Insert into BIKES.COMUNA (ID_COMUNA,NOMBRE,CIUDAD_ID_CIUDAD) values ('139','Colbun','7');
Insert into BIKES.COMUNA (ID_COMUNA,NOMBRE,CIUDAD_ID_CIUDAD) values ('140','Longavi','7');
Insert into BIKES.COMUNA (ID_COMUNA,NOMBRE,CIUDAD_ID_CIUDAD) values ('141','Parral','7');
Insert into BIKES.COMUNA (ID_COMUNA,NOMBRE,CIUDAD_ID_CIUDAD) values ('142','Rengo','7');
Insert into BIKES.COMUNA (ID_COMUNA,NOMBRE,CIUDAD_ID_CIUDAD) values ('143','San Javier','7');
Insert into BIKES.COMUNA (ID_COMUNA,NOMBRE,CIUDAD_ID_CIUDAD) values ('144','Villa Alegre','7');
Insert into BIKES.COMUNA (ID_COMUNA,NOMBRE,CIUDAD_ID_CIUDAD) values ('145','Yerbas Buenas','7');
Insert into BIKES.COMUNA (ID_COMUNA,NOMBRE,CIUDAD_ID_CIUDAD) values ('146','Concepcion','8');
Insert into BIKES.COMUNA (ID_COMUNA,NOMBRE,CIUDAD_ID_CIUDAD) values ('147','Coronel','8');
Insert into BIKES.COMUNA (ID_COMUNA,NOMBRE,CIUDAD_ID_CIUDAD) values ('148','Chiguayante','8');
Insert into BIKES.COMUNA (ID_COMUNA,NOMBRE,CIUDAD_ID_CIUDAD) values ('149','Florida','8');
Insert into BIKES.COMUNA (ID_COMUNA,NOMBRE,CIUDAD_ID_CIUDAD) values ('150','Hualqui','8');
Insert into BIKES.COMUNA (ID_COMUNA,NOMBRE,CIUDAD_ID_CIUDAD) values ('151','Lota','8');
Insert into BIKES.COMUNA (ID_COMUNA,NOMBRE,CIUDAD_ID_CIUDAD) values ('152','Penco','8');
Insert into BIKES.COMUNA (ID_COMUNA,NOMBRE,CIUDAD_ID_CIUDAD) values ('153','San Pedro de la Paz','8');
Insert into BIKES.COMUNA (ID_COMUNA,NOMBRE,CIUDAD_ID_CIUDAD) values ('154','Santa Juana','8');
Insert into BIKES.COMUNA (ID_COMUNA,NOMBRE,CIUDAD_ID_CIUDAD) values ('155','Talcahuano','8');
Insert into BIKES.COMUNA (ID_COMUNA,NOMBRE,CIUDAD_ID_CIUDAD) values ('156','Tome','8');
Insert into BIKES.COMUNA (ID_COMUNA,NOMBRE,CIUDAD_ID_CIUDAD) values ('157','Hualpen','8');
Insert into BIKES.COMUNA (ID_COMUNA,NOMBRE,CIUDAD_ID_CIUDAD) values ('158','Lebu','8');
Insert into BIKES.COMUNA (ID_COMUNA,NOMBRE,CIUDAD_ID_CIUDAD) values ('159','Arauco','8');
Insert into BIKES.COMUNA (ID_COMUNA,NOMBRE,CIUDAD_ID_CIUDAD) values ('160','Cañete','8');
Insert into BIKES.COMUNA (ID_COMUNA,NOMBRE,CIUDAD_ID_CIUDAD) values ('161','Contulmo','8');
Insert into BIKES.COMUNA (ID_COMUNA,NOMBRE,CIUDAD_ID_CIUDAD) values ('162','Curanilahue','8');
Insert into BIKES.COMUNA (ID_COMUNA,NOMBRE,CIUDAD_ID_CIUDAD) values ('163','Los Alamos','8');
Insert into BIKES.COMUNA (ID_COMUNA,NOMBRE,CIUDAD_ID_CIUDAD) values ('164','Tirua','8');
Insert into BIKES.COMUNA (ID_COMUNA,NOMBRE,CIUDAD_ID_CIUDAD) values ('165','Los Angeles','8');
Insert into BIKES.COMUNA (ID_COMUNA,NOMBRE,CIUDAD_ID_CIUDAD) values ('166','Antuco','8');
Insert into BIKES.COMUNA (ID_COMUNA,NOMBRE,CIUDAD_ID_CIUDAD) values ('167','Cabrero','8');
Insert into BIKES.COMUNA (ID_COMUNA,NOMBRE,CIUDAD_ID_CIUDAD) values ('168','Laja','8');
Insert into BIKES.COMUNA (ID_COMUNA,NOMBRE,CIUDAD_ID_CIUDAD) values ('169','Mulchen','8');
Insert into BIKES.COMUNA (ID_COMUNA,NOMBRE,CIUDAD_ID_CIUDAD) values ('170','Nacimiento','8');
Insert into BIKES.COMUNA (ID_COMUNA,NOMBRE,CIUDAD_ID_CIUDAD) values ('171','Negrete','8');
Insert into BIKES.COMUNA (ID_COMUNA,NOMBRE,CIUDAD_ID_CIUDAD) values ('172','Quilaco','8');
Insert into BIKES.COMUNA (ID_COMUNA,NOMBRE,CIUDAD_ID_CIUDAD) values ('173','Quilleco','8');
Insert into BIKES.COMUNA (ID_COMUNA,NOMBRE,CIUDAD_ID_CIUDAD) values ('174','San Rosendo','8');
Insert into BIKES.COMUNA (ID_COMUNA,NOMBRE,CIUDAD_ID_CIUDAD) values ('175','Santa Barbara','8');
Insert into BIKES.COMUNA (ID_COMUNA,NOMBRE,CIUDAD_ID_CIUDAD) values ('176','Tucapel','8');
Insert into BIKES.COMUNA (ID_COMUNA,NOMBRE,CIUDAD_ID_CIUDAD) values ('177','Yumbel','8');
Insert into BIKES.COMUNA (ID_COMUNA,NOMBRE,CIUDAD_ID_CIUDAD) values ('178','Alto Biobio','8');
Insert into BIKES.COMUNA (ID_COMUNA,NOMBRE,CIUDAD_ID_CIUDAD) values ('179','Chillan','8');
Insert into BIKES.COMUNA (ID_COMUNA,NOMBRE,CIUDAD_ID_CIUDAD) values ('180','Bulnes','8');
Insert into BIKES.COMUNA (ID_COMUNA,NOMBRE,CIUDAD_ID_CIUDAD) values ('181','Cobquecura','8');
Insert into BIKES.COMUNA (ID_COMUNA,NOMBRE,CIUDAD_ID_CIUDAD) values ('182','Coelemu','8');
Insert into BIKES.COMUNA (ID_COMUNA,NOMBRE,CIUDAD_ID_CIUDAD) values ('183','Coihueco','8');
Insert into BIKES.COMUNA (ID_COMUNA,NOMBRE,CIUDAD_ID_CIUDAD) values ('184','Chillan Viejo','8');
Insert into BIKES.COMUNA (ID_COMUNA,NOMBRE,CIUDAD_ID_CIUDAD) values ('185','El Carmen','8');
Insert into BIKES.COMUNA (ID_COMUNA,NOMBRE,CIUDAD_ID_CIUDAD) values ('186','Ninhue','8');
Insert into BIKES.COMUNA (ID_COMUNA,NOMBRE,CIUDAD_ID_CIUDAD) values ('187','Ñiquen','8');
Insert into BIKES.COMUNA (ID_COMUNA,NOMBRE,CIUDAD_ID_CIUDAD) values ('188','Pumeco','8');
Insert into BIKES.COMUNA (ID_COMUNA,NOMBRE,CIUDAD_ID_CIUDAD) values ('189','Pinto','8');
Insert into BIKES.COMUNA (ID_COMUNA,NOMBRE,CIUDAD_ID_CIUDAD) values ('190','Portezuelo','8');
Insert into BIKES.COMUNA (ID_COMUNA,NOMBRE,CIUDAD_ID_CIUDAD) values ('191','Quillon','8');
Insert into BIKES.COMUNA (ID_COMUNA,NOMBRE,CIUDAD_ID_CIUDAD) values ('192','Quirihue','8');
Insert into BIKES.COMUNA (ID_COMUNA,NOMBRE,CIUDAD_ID_CIUDAD) values ('193','Ranquil','8');
Insert into BIKES.COMUNA (ID_COMUNA,NOMBRE,CIUDAD_ID_CIUDAD) values ('194','San Carlos','8');
Insert into BIKES.COMUNA (ID_COMUNA,NOMBRE,CIUDAD_ID_CIUDAD) values ('195','San Fabian','8');
Insert into BIKES.COMUNA (ID_COMUNA,NOMBRE,CIUDAD_ID_CIUDAD) values ('196','San Ignacio','8');
Insert into BIKES.COMUNA (ID_COMUNA,NOMBRE,CIUDAD_ID_CIUDAD) values ('197','San Nicolas','8');
Insert into BIKES.COMUNA (ID_COMUNA,NOMBRE,CIUDAD_ID_CIUDAD) values ('198','Treguaco','8');
Insert into BIKES.COMUNA (ID_COMUNA,NOMBRE,CIUDAD_ID_CIUDAD) values ('199','Yungay','8');
Insert into BIKES.COMUNA (ID_COMUNA,NOMBRE,CIUDAD_ID_CIUDAD) values ('200','Temuco','9');
Insert into BIKES.COMUNA (ID_COMUNA,NOMBRE,CIUDAD_ID_CIUDAD) values ('201','Carahue','9');
Insert into BIKES.COMUNA (ID_COMUNA,NOMBRE,CIUDAD_ID_CIUDAD) values ('202','Cunco','9');
Insert into BIKES.COMUNA (ID_COMUNA,NOMBRE,CIUDAD_ID_CIUDAD) values ('203','Curarrehue','9');
Insert into BIKES.COMUNA (ID_COMUNA,NOMBRE,CIUDAD_ID_CIUDAD) values ('204','Freire','9');
Insert into BIKES.COMUNA (ID_COMUNA,NOMBRE,CIUDAD_ID_CIUDAD) values ('205','Galvarino','9');
Insert into BIKES.COMUNA (ID_COMUNA,NOMBRE,CIUDAD_ID_CIUDAD) values ('206','Gorbea','9');
Insert into BIKES.COMUNA (ID_COMUNA,NOMBRE,CIUDAD_ID_CIUDAD) values ('207','Lautaro','9');
Insert into BIKES.COMUNA (ID_COMUNA,NOMBRE,CIUDAD_ID_CIUDAD) values ('208','Loncoche','9');
Insert into BIKES.COMUNA (ID_COMUNA,NOMBRE,CIUDAD_ID_CIUDAD) values ('209','Melipeuco','9');
Insert into BIKES.COMUNA (ID_COMUNA,NOMBRE,CIUDAD_ID_CIUDAD) values ('210','Nueva Imperial','9');
Insert into BIKES.COMUNA (ID_COMUNA,NOMBRE,CIUDAD_ID_CIUDAD) values ('211','Padre las Casas','9');
Insert into BIKES.COMUNA (ID_COMUNA,NOMBRE,CIUDAD_ID_CIUDAD) values ('212','Perquenco','9');
Insert into BIKES.COMUNA (ID_COMUNA,NOMBRE,CIUDAD_ID_CIUDAD) values ('213','Pitrufquen','9');
Insert into BIKES.COMUNA (ID_COMUNA,NOMBRE,CIUDAD_ID_CIUDAD) values ('214','Pucon','9');
Insert into BIKES.COMUNA (ID_COMUNA,NOMBRE,CIUDAD_ID_CIUDAD) values ('215','Saavedra','9');
Insert into BIKES.COMUNA (ID_COMUNA,NOMBRE,CIUDAD_ID_CIUDAD) values ('216','Teodoro Schmidt','9');
Insert into BIKES.COMUNA (ID_COMUNA,NOMBRE,CIUDAD_ID_CIUDAD) values ('217','Tolten','9');
Insert into BIKES.COMUNA (ID_COMUNA,NOMBRE,CIUDAD_ID_CIUDAD) values ('218','Vilcun','9');
Insert into BIKES.COMUNA (ID_COMUNA,NOMBRE,CIUDAD_ID_CIUDAD) values ('219','Villarrica','9');
Insert into BIKES.COMUNA (ID_COMUNA,NOMBRE,CIUDAD_ID_CIUDAD) values ('220','Cholchol','9');
Insert into BIKES.COMUNA (ID_COMUNA,NOMBRE,CIUDAD_ID_CIUDAD) values ('221','Angol','9');
Insert into BIKES.COMUNA (ID_COMUNA,NOMBRE,CIUDAD_ID_CIUDAD) values ('222','Collipulli','9');
Insert into BIKES.COMUNA (ID_COMUNA,NOMBRE,CIUDAD_ID_CIUDAD) values ('223','Caracautin','9');
Insert into BIKES.COMUNA (ID_COMUNA,NOMBRE,CIUDAD_ID_CIUDAD) values ('224','Ercilla','9');
Insert into BIKES.COMUNA (ID_COMUNA,NOMBRE,CIUDAD_ID_CIUDAD) values ('225','Lonquimay','9');
Insert into BIKES.COMUNA (ID_COMUNA,NOMBRE,CIUDAD_ID_CIUDAD) values ('226','Los Sauces','9');
Insert into BIKES.COMUNA (ID_COMUNA,NOMBRE,CIUDAD_ID_CIUDAD) values ('227','Lumaco','9');
Insert into BIKES.COMUNA (ID_COMUNA,NOMBRE,CIUDAD_ID_CIUDAD) values ('228','Puren','9');
Insert into BIKES.COMUNA (ID_COMUNA,NOMBRE,CIUDAD_ID_CIUDAD) values ('229','Renaico','9');
Insert into BIKES.COMUNA (ID_COMUNA,NOMBRE,CIUDAD_ID_CIUDAD) values ('230','Traiguen','9');
Insert into BIKES.COMUNA (ID_COMUNA,NOMBRE,CIUDAD_ID_CIUDAD) values ('231','Victoria','9');
Insert into BIKES.COMUNA (ID_COMUNA,NOMBRE,CIUDAD_ID_CIUDAD) values ('232','Valdivia','14');
Insert into BIKES.COMUNA (ID_COMUNA,NOMBRE,CIUDAD_ID_CIUDAD) values ('233','Corral','14');
Insert into BIKES.COMUNA (ID_COMUNA,NOMBRE,CIUDAD_ID_CIUDAD) values ('234','Lanco','14');
Insert into BIKES.COMUNA (ID_COMUNA,NOMBRE,CIUDAD_ID_CIUDAD) values ('235','Los Lagos','14');
Insert into BIKES.COMUNA (ID_COMUNA,NOMBRE,CIUDAD_ID_CIUDAD) values ('236','Mafil','14');
Insert into BIKES.COMUNA (ID_COMUNA,NOMBRE,CIUDAD_ID_CIUDAD) values ('237','Mariquina','14');
Insert into BIKES.COMUNA (ID_COMUNA,NOMBRE,CIUDAD_ID_CIUDAD) values ('238','Paillaco','14');
Insert into BIKES.COMUNA (ID_COMUNA,NOMBRE,CIUDAD_ID_CIUDAD) values ('239','Panguipulli','14');
Insert into BIKES.COMUNA (ID_COMUNA,NOMBRE,CIUDAD_ID_CIUDAD) values ('240','La Union','14');
Insert into BIKES.COMUNA (ID_COMUNA,NOMBRE,CIUDAD_ID_CIUDAD) values ('242','Futrono','14');
Insert into BIKES.COMUNA (ID_COMUNA,NOMBRE,CIUDAD_ID_CIUDAD) values ('241','Lago Ranco','14');
Insert into BIKES.COMUNA (ID_COMUNA,NOMBRE,CIUDAD_ID_CIUDAD) values ('243','Rio Bueno','14');
Insert into BIKES.COMUNA (ID_COMUNA,NOMBRE,CIUDAD_ID_CIUDAD) values ('244','Puerto Montt','10');
Insert into BIKES.COMUNA (ID_COMUNA,NOMBRE,CIUDAD_ID_CIUDAD) values ('245','Calbuco','10');
Insert into BIKES.COMUNA (ID_COMUNA,NOMBRE,CIUDAD_ID_CIUDAD) values ('246','Cochamo','10');
Insert into BIKES.COMUNA (ID_COMUNA,NOMBRE,CIUDAD_ID_CIUDAD) values ('247','Fresia','10');
Insert into BIKES.COMUNA (ID_COMUNA,NOMBRE,CIUDAD_ID_CIUDAD) values ('248','Frutillar','10');
Insert into BIKES.COMUNA (ID_COMUNA,NOMBRE,CIUDAD_ID_CIUDAD) values ('249','Los Muermos','10');
Insert into BIKES.COMUNA (ID_COMUNA,NOMBRE,CIUDAD_ID_CIUDAD) values ('250','Llanquihue','10');
Insert into BIKES.COMUNA (ID_COMUNA,NOMBRE,CIUDAD_ID_CIUDAD) values ('251','Maullin','10');
Insert into BIKES.COMUNA (ID_COMUNA,NOMBRE,CIUDAD_ID_CIUDAD) values ('252','Puerto Varas','10');
Insert into BIKES.COMUNA (ID_COMUNA,NOMBRE,CIUDAD_ID_CIUDAD) values ('253','Castro','10');
Insert into BIKES.COMUNA (ID_COMUNA,NOMBRE,CIUDAD_ID_CIUDAD) values ('254','Ancud','10');
Insert into BIKES.COMUNA (ID_COMUNA,NOMBRE,CIUDAD_ID_CIUDAD) values ('255','Chonchi','10');
Insert into BIKES.COMUNA (ID_COMUNA,NOMBRE,CIUDAD_ID_CIUDAD) values ('256','Curaco de Velez','10');
Insert into BIKES.COMUNA (ID_COMUNA,NOMBRE,CIUDAD_ID_CIUDAD) values ('257','Dalcahue','10');
Insert into BIKES.COMUNA (ID_COMUNA,NOMBRE,CIUDAD_ID_CIUDAD) values ('258','Paqueldon','10');
Insert into BIKES.COMUNA (ID_COMUNA,NOMBRE,CIUDAD_ID_CIUDAD) values ('259','Queilen','10');
Insert into BIKES.COMUNA (ID_COMUNA,NOMBRE,CIUDAD_ID_CIUDAD) values ('260','Quellon','10');
Insert into BIKES.COMUNA (ID_COMUNA,NOMBRE,CIUDAD_ID_CIUDAD) values ('261','Quemchi','10');
Insert into BIKES.COMUNA (ID_COMUNA,NOMBRE,CIUDAD_ID_CIUDAD) values ('262','Quinchao','10');
Insert into BIKES.COMUNA (ID_COMUNA,NOMBRE,CIUDAD_ID_CIUDAD) values ('263','Osorno','10');
Insert into BIKES.COMUNA (ID_COMUNA,NOMBRE,CIUDAD_ID_CIUDAD) values ('264','Puerto Octay','10');
Insert into BIKES.COMUNA (ID_COMUNA,NOMBRE,CIUDAD_ID_CIUDAD) values ('265','Purranque','10');
Insert into BIKES.COMUNA (ID_COMUNA,NOMBRE,CIUDAD_ID_CIUDAD) values ('266','Puyehue','10');
Insert into BIKES.COMUNA (ID_COMUNA,NOMBRE,CIUDAD_ID_CIUDAD) values ('267','Rio Negro','10');
Insert into BIKES.COMUNA (ID_COMUNA,NOMBRE,CIUDAD_ID_CIUDAD) values ('268','San Juan de la Costa','10');
Insert into BIKES.COMUNA (ID_COMUNA,NOMBRE,CIUDAD_ID_CIUDAD) values ('269','San Pablo','10');
Insert into BIKES.COMUNA (ID_COMUNA,NOMBRE,CIUDAD_ID_CIUDAD) values ('270','Chaiten','10');
Insert into BIKES.COMUNA (ID_COMUNA,NOMBRE,CIUDAD_ID_CIUDAD) values ('271','Futaufu','10');
Insert into BIKES.COMUNA (ID_COMUNA,NOMBRE,CIUDAD_ID_CIUDAD) values ('272','Hualaihue','10');
Insert into BIKES.COMUNA (ID_COMUNA,NOMBRE,CIUDAD_ID_CIUDAD) values ('273','Palena','10');
Insert into BIKES.COMUNA (ID_COMUNA,NOMBRE,CIUDAD_ID_CIUDAD) values ('274','Coihaiquen','11');
Insert into BIKES.COMUNA (ID_COMUNA,NOMBRE,CIUDAD_ID_CIUDAD) values ('275','Lago Verde','11');
Insert into BIKES.COMUNA (ID_COMUNA,NOMBRE,CIUDAD_ID_CIUDAD) values ('276','Aisen','11');
Insert into BIKES.COMUNA (ID_COMUNA,NOMBRE,CIUDAD_ID_CIUDAD) values ('277','Cisnes','11');
Insert into BIKES.COMUNA (ID_COMUNA,NOMBRE,CIUDAD_ID_CIUDAD) values ('278','Guaitecas','11');
Insert into BIKES.COMUNA (ID_COMUNA,NOMBRE,CIUDAD_ID_CIUDAD) values ('279','Cochrane','11');
Insert into BIKES.COMUNA (ID_COMUNA,NOMBRE,CIUDAD_ID_CIUDAD) values ('280','OHiggins','11');
Insert into BIKES.COMUNA (ID_COMUNA,NOMBRE,CIUDAD_ID_CIUDAD) values ('281','Tortel','11');
Insert into BIKES.COMUNA (ID_COMUNA,NOMBRE,CIUDAD_ID_CIUDAD) values ('282','Chile Chico','11');
Insert into BIKES.COMUNA (ID_COMUNA,NOMBRE,CIUDAD_ID_CIUDAD) values ('283','Rio Ibañez','11');
Insert into BIKES.COMUNA (ID_COMUNA,NOMBRE,CIUDAD_ID_CIUDAD) values ('284','Punta Arenas','12');
Insert into BIKES.COMUNA (ID_COMUNA,NOMBRE,CIUDAD_ID_CIUDAD) values ('286','Laguna Blanca','12');
Insert into BIKES.COMUNA (ID_COMUNA,NOMBRE,CIUDAD_ID_CIUDAD) values ('287','Rio Verde','12');
Insert into BIKES.COMUNA (ID_COMUNA,NOMBRE,CIUDAD_ID_CIUDAD) values ('288','San Gregorio','12');
Insert into BIKES.COMUNA (ID_COMUNA,NOMBRE,CIUDAD_ID_CIUDAD) values ('289','Cabo de Hornos','12');
Insert into BIKES.COMUNA (ID_COMUNA,NOMBRE,CIUDAD_ID_CIUDAD) values ('290','Antartica','12');
Insert into BIKES.COMUNA (ID_COMUNA,NOMBRE,CIUDAD_ID_CIUDAD) values ('291','Porvenir','12');
Insert into BIKES.COMUNA (ID_COMUNA,NOMBRE,CIUDAD_ID_CIUDAD) values ('292','Primavera','12');
Insert into BIKES.COMUNA (ID_COMUNA,NOMBRE,CIUDAD_ID_CIUDAD) values ('293','Timaukel','12');
Insert into BIKES.COMUNA (ID_COMUNA,NOMBRE,CIUDAD_ID_CIUDAD) values ('294','Natales','12');
Insert into BIKES.COMUNA (ID_COMUNA,NOMBRE,CIUDAD_ID_CIUDAD) values ('295','Torres del Paine','12');
Insert into BIKES.COMUNA (ID_COMUNA,NOMBRE,CIUDAD_ID_CIUDAD) values ('296','Cerrillos','13');
Insert into BIKES.COMUNA (ID_COMUNA,NOMBRE,CIUDAD_ID_CIUDAD) values ('297','Cerro Navia','13');
Insert into BIKES.COMUNA (ID_COMUNA,NOMBRE,CIUDAD_ID_CIUDAD) values ('298','Conchali','13');
Insert into BIKES.COMUNA (ID_COMUNA,NOMBRE,CIUDAD_ID_CIUDAD) values ('299','El Bosque','13');
Insert into BIKES.COMUNA (ID_COMUNA,NOMBRE,CIUDAD_ID_CIUDAD) values ('300','Estacion Central','13');
Insert into BIKES.COMUNA (ID_COMUNA,NOMBRE,CIUDAD_ID_CIUDAD) values ('301','Huechuraba','13');
Insert into BIKES.COMUNA (ID_COMUNA,NOMBRE,CIUDAD_ID_CIUDAD) values ('302','Independencia','13');
Insert into BIKES.COMUNA (ID_COMUNA,NOMBRE,CIUDAD_ID_CIUDAD) values ('303','La Cisternas','13');
Insert into BIKES.COMUNA (ID_COMUNA,NOMBRE,CIUDAD_ID_CIUDAD) values ('304','La Florida','13');
Insert into BIKES.COMUNA (ID_COMUNA,NOMBRE,CIUDAD_ID_CIUDAD) values ('305','La Granja','13');
Insert into BIKES.COMUNA (ID_COMUNA,NOMBRE,CIUDAD_ID_CIUDAD) values ('306','La Pintana','13');
Insert into BIKES.COMUNA (ID_COMUNA,NOMBRE,CIUDAD_ID_CIUDAD) values ('307','La Reina','13');
Insert into BIKES.COMUNA (ID_COMUNA,NOMBRE,CIUDAD_ID_CIUDAD) values ('308','Las Condes','13');
Insert into BIKES.COMUNA (ID_COMUNA,NOMBRE,CIUDAD_ID_CIUDAD) values ('309','Lo Barneche','13');
Insert into BIKES.COMUNA (ID_COMUNA,NOMBRE,CIUDAD_ID_CIUDAD) values ('310','Lo Espejo','13');
Insert into BIKES.COMUNA (ID_COMUNA,NOMBRE,CIUDAD_ID_CIUDAD) values ('311','Lo Prado','13');
Insert into BIKES.COMUNA (ID_COMUNA,NOMBRE,CIUDAD_ID_CIUDAD) values ('312','Macul','13');
Insert into BIKES.COMUNA (ID_COMUNA,NOMBRE,CIUDAD_ID_CIUDAD) values ('313','Maipu','13');
Insert into BIKES.COMUNA (ID_COMUNA,NOMBRE,CIUDAD_ID_CIUDAD) values ('314','Ñuñoa','13');
Insert into BIKES.COMUNA (ID_COMUNA,NOMBRE,CIUDAD_ID_CIUDAD) values ('315','Pedro Aguirre Cerda','13');
Insert into BIKES.COMUNA (ID_COMUNA,NOMBRE,CIUDAD_ID_CIUDAD) values ('316','Peñalolen','13');
Insert into BIKES.COMUNA (ID_COMUNA,NOMBRE,CIUDAD_ID_CIUDAD) values ('317','Providencia','13');
Insert into BIKES.COMUNA (ID_COMUNA,NOMBRE,CIUDAD_ID_CIUDAD) values ('318','Pudahuel','13');
Insert into BIKES.COMUNA (ID_COMUNA,NOMBRE,CIUDAD_ID_CIUDAD) values ('319','Qulicura','13');
Insert into BIKES.COMUNA (ID_COMUNA,NOMBRE,CIUDAD_ID_CIUDAD) values ('320','Quinta Normal','13');
Insert into BIKES.COMUNA (ID_COMUNA,NOMBRE,CIUDAD_ID_CIUDAD) values ('321','Recoleta','13');
Insert into BIKES.COMUNA (ID_COMUNA,NOMBRE,CIUDAD_ID_CIUDAD) values ('322','Renca','13');
Insert into BIKES.COMUNA (ID_COMUNA,NOMBRE,CIUDAD_ID_CIUDAD) values ('323','San Joaquin','13');
Insert into BIKES.COMUNA (ID_COMUNA,NOMBRE,CIUDAD_ID_CIUDAD) values ('324','San Miguel','13');
Insert into BIKES.COMUNA (ID_COMUNA,NOMBRE,CIUDAD_ID_CIUDAD) values ('325','San Ramon','13');
Insert into BIKES.COMUNA (ID_COMUNA,NOMBRE,CIUDAD_ID_CIUDAD) values ('326','Vitacura','13');
Insert into BIKES.COMUNA (ID_COMUNA,NOMBRE,CIUDAD_ID_CIUDAD) values ('327','Puente Alto','13');
Insert into BIKES.COMUNA (ID_COMUNA,NOMBRE,CIUDAD_ID_CIUDAD) values ('328','Pirque','13');
Insert into BIKES.COMUNA (ID_COMUNA,NOMBRE,CIUDAD_ID_CIUDAD) values ('329','San Jose de Maipo','13');
Insert into BIKES.COMUNA (ID_COMUNA,NOMBRE,CIUDAD_ID_CIUDAD) values ('330','Colina','13');
Insert into BIKES.COMUNA (ID_COMUNA,NOMBRE,CIUDAD_ID_CIUDAD) values ('331','Lampa','13');
Insert into BIKES.COMUNA (ID_COMUNA,NOMBRE,CIUDAD_ID_CIUDAD) values ('332','TilTil','13');
Insert into BIKES.COMUNA (ID_COMUNA,NOMBRE,CIUDAD_ID_CIUDAD) values ('333','San Bernardo','13');
Insert into BIKES.COMUNA (ID_COMUNA,NOMBRE,CIUDAD_ID_CIUDAD) values ('334','Buin','13');
Insert into BIKES.COMUNA (ID_COMUNA,NOMBRE,CIUDAD_ID_CIUDAD) values ('335','Calera de Tango','13');
Insert into BIKES.COMUNA (ID_COMUNA,NOMBRE,CIUDAD_ID_CIUDAD) values ('336','Paine','13');
Insert into BIKES.COMUNA (ID_COMUNA,NOMBRE,CIUDAD_ID_CIUDAD) values ('337','Melipilla','13');
Insert into BIKES.COMUNA (ID_COMUNA,NOMBRE,CIUDAD_ID_CIUDAD) values ('338','Alhue','13');
Insert into BIKES.COMUNA (ID_COMUNA,NOMBRE,CIUDAD_ID_CIUDAD) values ('339','Curacavi','13');
Insert into BIKES.COMUNA (ID_COMUNA,NOMBRE,CIUDAD_ID_CIUDAD) values ('340','Maria Pinto','13');
Insert into BIKES.COMUNA (ID_COMUNA,NOMBRE,CIUDAD_ID_CIUDAD) values ('341','San Pedro','13');
Insert into BIKES.COMUNA (ID_COMUNA,NOMBRE,CIUDAD_ID_CIUDAD) values ('1','Puente Alto','1');
Insert into BIKES.COMUNA (ID_COMUNA,NOMBRE,CIUDAD_ID_CIUDAD) values ('342','Talagante','13');
Insert into BIKES.COMUNA (ID_COMUNA,NOMBRE,CIUDAD_ID_CIUDAD) values ('343','El Monte','13');
Insert into BIKES.COMUNA (ID_COMUNA,NOMBRE,CIUDAD_ID_CIUDAD) values ('344','Isla Maipo','13');
Insert into BIKES.COMUNA (ID_COMUNA,NOMBRE,CIUDAD_ID_CIUDAD) values ('345','Padre Hurtado','13');
Insert into BIKES.COMUNA (ID_COMUNA,NOMBRE,CIUDAD_ID_CIUDAD) values ('346','Peñaflor','13');
REM INSERTING into BIKES.DESPACHO
SET DEFINE OFF;
Insert into BIKES.DESPACHO (ID_DESPACHO,DIRECCION,TIPODESPACHO_ID_TIPODESPACHO,ID_ESTADODESPACHO,USUARIO_ID_USUARIO) values ('1','hermandad 068','1','1','3');
Insert into BIKES.DESPACHO (ID_DESPACHO,DIRECCION,TIPODESPACHO_ID_TIPODESPACHO,ID_ESTADODESPACHO,USUARIO_ID_USUARIO) values ('2','San carlos','1','1','5');
REM INSERTING into BIKES.ESTADODESPACHO
SET DEFINE OFF;
Insert into BIKES.ESTADODESPACHO (ID_ESTADODESPACHO,DESCRIPCION) values ('1','Producto recibido');
Insert into BIKES.ESTADODESPACHO (ID_ESTADODESPACHO,DESCRIPCION) values ('2','Producto Confirmado');
Insert into BIKES.ESTADODESPACHO (ID_ESTADODESPACHO,DESCRIPCION) values ('3','Producto Listo para su retiro');
Insert into BIKES.ESTADODESPACHO (ID_ESTADODESPACHO,DESCRIPCION) values ('4','Producto entregado');
REM INSERTING into BIKES.ESTADOREPARACION
SET DEFINE OFF;
REM INSERTING into BIKES.HISTORIALMANTENCIONES
SET DEFINE OFF;
REM INSERTING into BIKES.PAGO
SET DEFINE OFF;
REM INSERTING into BIKES.PROVEEDOR
SET DEFINE OFF;
REM INSERTING into BIKES.REPARACION
SET DEFINE OFF;
REM INSERTING into BIKES.TIPOBICICLETA
SET DEFINE OFF;
Insert into BIKES.TIPOBICICLETA (ID_TIPOBICICLETA,NOMBRE,DESCRIPCION) values ('1','nino','bicleta para niños');
Insert into BIKES.TIPOBICICLETA (ID_TIPOBICICLETA,NOMBRE,DESCRIPCION) values ('2','adulto','adulto');
Insert into BIKES.TIPOBICICLETA (ID_TIPOBICICLETA,NOMBRE,DESCRIPCION) values ('3','Deportivo','Deportivo');
REM INSERTING into BIKES.TIPODESPACHO
SET DEFINE OFF;
Insert into BIKES.TIPODESPACHO (ID_TIPODESPACHO,NOMBRE) values ('1','Retiro en Tienda');
Insert into BIKES.TIPODESPACHO (ID_TIPODESPACHO,NOMBRE) values ('2','Reparto Domicilio');
REM INSERTING into BIKES.TIPOUSUARIO
SET DEFINE OFF;
Insert into BIKES.TIPOUSUARIO (ID_TIPOUSUARIO,NOMBRE,DESCRIPCION) values ('2','Cliente','cliente');
Insert into BIKES.TIPOUSUARIO (ID_TIPOUSUARIO,NOMBRE,DESCRIPCION) values ('3','Administrador','administrador');
Insert into BIKES.TIPOUSUARIO (ID_TIPOUSUARIO,NOMBRE,DESCRIPCION) values ('4','Tecnico','tecnico');
Insert into BIKES.TIPOUSUARIO (ID_TIPOUSUARIO,NOMBRE,DESCRIPCION) values ('1','cliente','puede comprar');
REM INSERTING into BIKES.USUARIO
SET DEFINE OFF;
Insert into BIKES.USUARIO (ID_USUARIO,RUT,NOMBRE,APELLIDO,EMAIL,SEXO,EDAD,DIRECCION,USERNAME,PASSWORD,COMUNA_ID_COMUNA,TIPOUSUARIO_ID_TIPOUSUARIO) values ('4','1','aa','aa','aa','Femenino','1','a','aa','aa','28','3');
Insert into BIKES.USUARIO (ID_USUARIO,RUT,NOMBRE,APELLIDO,EMAIL,SEXO,EDAD,DIRECCION,USERNAME,PASSWORD,COMUNA_ID_COMUNA,TIPOUSUARIO_ID_TIPOUSUARIO) values ('5','1','eee','aa','aa','Femenino','1','a','aa','aa','28','2');
Insert into BIKES.USUARIO (ID_USUARIO,RUT,NOMBRE,APELLIDO,EMAIL,SEXO,EDAD,DIRECCION,USERNAME,PASSWORD,COMUNA_ID_COMUNA,TIPOUSUARIO_ID_TIPOUSUARIO) values ('6','19319652-7','Erick','Aguila','erick.aguila@pad.cl','Masculino','22','Hermandad 0629','ErickEagle','123','3','2');
Insert into BIKES.USUARIO (ID_USUARIO,RUT,NOMBRE,APELLIDO,EMAIL,SEXO,EDAD,DIRECCION,USERNAME,PASSWORD,COMUNA_ID_COMUNA,TIPOUSUARIO_ID_TIPOUSUARIO) values ('3','19319','erick','aguila','erick.aguila@erick','Masculino','22','hh','erick','erick','21','3');
--------------------------------------------------------
--  DDL for Index ARRIENDO_PK
--------------------------------------------------------

  CREATE UNIQUE INDEX "BIKES"."ARRIENDO_PK" ON "BIKES"."ARRIENDO" ("ID_ARRIENDO") 
  PCTFREE 10 INITRANS 2 MAXTRANS 255 COMPUTE STATISTICS 
  STORAGE(INITIAL 65536 NEXT 1048576 MINEXTENTS 1 MAXEXTENTS 2147483645
  PCTINCREASE 0 FREELISTS 1 FREELIST GROUPS 1 BUFFER_POOL DEFAULT FLASH_CACHE DEFAULT CELL_FLASH_CACHE DEFAULT)
  TABLESPACE "USERS" ;
--------------------------------------------------------
--  DDL for Index BICICLETA_PK
--------------------------------------------------------

  CREATE UNIQUE INDEX "BIKES"."BICICLETA_PK" ON "BIKES"."BICICLETA" ("ID_BICICLETA") 
  PCTFREE 10 INITRANS 2 MAXTRANS 255 COMPUTE STATISTICS 
  STORAGE(INITIAL 65536 NEXT 1048576 MINEXTENTS 1 MAXEXTENTS 2147483645
  PCTINCREASE 0 FREELISTS 1 FREELIST GROUPS 1 BUFFER_POOL DEFAULT FLASH_CACHE DEFAULT CELL_FLASH_CACHE DEFAULT)
  TABLESPACE "USERS" ;
--------------------------------------------------------
--  DDL for Index CIUDAD_PK
--------------------------------------------------------

  CREATE UNIQUE INDEX "BIKES"."CIUDAD_PK" ON "BIKES"."CIUDAD" ("ID_CIUDAD") 
  PCTFREE 10 INITRANS 2 MAXTRANS 255 COMPUTE STATISTICS 
  STORAGE(INITIAL 65536 NEXT 1048576 MINEXTENTS 1 MAXEXTENTS 2147483645
  PCTINCREASE 0 FREELISTS 1 FREELIST GROUPS 1 BUFFER_POOL DEFAULT FLASH_CACHE DEFAULT CELL_FLASH_CACHE DEFAULT)
  TABLESPACE "USERS" ;
--------------------------------------------------------
--  DDL for Index COMUNA_PK
--------------------------------------------------------

  CREATE UNIQUE INDEX "BIKES"."COMUNA_PK" ON "BIKES"."COMUNA" ("ID_COMUNA") 
  PCTFREE 10 INITRANS 2 MAXTRANS 255 COMPUTE STATISTICS 
  STORAGE(INITIAL 65536 NEXT 1048576 MINEXTENTS 1 MAXEXTENTS 2147483645
  PCTINCREASE 0 FREELISTS 1 FREELIST GROUPS 1 BUFFER_POOL DEFAULT FLASH_CACHE DEFAULT CELL_FLASH_CACHE DEFAULT)
  TABLESPACE "USERS" ;
--------------------------------------------------------
--  DDL for Index DESPACHO_PK
--------------------------------------------------------

  CREATE UNIQUE INDEX "BIKES"."DESPACHO_PK" ON "BIKES"."DESPACHO" ("ID_DESPACHO") 
  PCTFREE 10 INITRANS 2 MAXTRANS 255 COMPUTE STATISTICS 
  STORAGE(INITIAL 65536 NEXT 1048576 MINEXTENTS 1 MAXEXTENTS 2147483645
  PCTINCREASE 0 FREELISTS 1 FREELIST GROUPS 1 BUFFER_POOL DEFAULT FLASH_CACHE DEFAULT CELL_FLASH_CACHE DEFAULT)
  TABLESPACE "USERS" ;
--------------------------------------------------------
--  DDL for Index ESTADODESPACHO_PK
--------------------------------------------------------

  CREATE UNIQUE INDEX "BIKES"."ESTADODESPACHO_PK" ON "BIKES"."ESTADODESPACHO" ("ID_ESTADODESPACHO") 
  PCTFREE 10 INITRANS 2 MAXTRANS 255 COMPUTE STATISTICS 
  STORAGE(INITIAL 65536 NEXT 1048576 MINEXTENTS 1 MAXEXTENTS 2147483645
  PCTINCREASE 0 FREELISTS 1 FREELIST GROUPS 1 BUFFER_POOL DEFAULT FLASH_CACHE DEFAULT CELL_FLASH_CACHE DEFAULT)
  TABLESPACE "USERS" ;
--------------------------------------------------------
--  DDL for Index ESTADOREPARACION_PK
--------------------------------------------------------

  CREATE UNIQUE INDEX "BIKES"."ESTADOREPARACION_PK" ON "BIKES"."ESTADOREPARACION" ("ID_ESTADOREPARACION") 
  PCTFREE 10 INITRANS 2 MAXTRANS 255 COMPUTE STATISTICS 
  STORAGE(INITIAL 65536 NEXT 1048576 MINEXTENTS 1 MAXEXTENTS 2147483645
  PCTINCREASE 0 FREELISTS 1 FREELIST GROUPS 1 BUFFER_POOL DEFAULT FLASH_CACHE DEFAULT CELL_FLASH_CACHE DEFAULT)
  TABLESPACE "USERS" ;
--------------------------------------------------------
--  DDL for Index HISTORIALMANTENCIONES_PK
--------------------------------------------------------

  CREATE UNIQUE INDEX "BIKES"."HISTORIALMANTENCIONES_PK" ON "BIKES"."HISTORIALMANTENCIONES" ("ID_MANTENCION") 
  PCTFREE 10 INITRANS 2 MAXTRANS 255 COMPUTE STATISTICS 
  STORAGE(INITIAL 65536 NEXT 1048576 MINEXTENTS 1 MAXEXTENTS 2147483645
  PCTINCREASE 0 FREELISTS 1 FREELIST GROUPS 1 BUFFER_POOL DEFAULT FLASH_CACHE DEFAULT CELL_FLASH_CACHE DEFAULT)
  TABLESPACE "USERS" ;
--------------------------------------------------------
--  DDL for Index PAGO_PK
--------------------------------------------------------

  CREATE UNIQUE INDEX "BIKES"."PAGO_PK" ON "BIKES"."PAGO" ("ID_FORMAPAGO") 
  PCTFREE 10 INITRANS 2 MAXTRANS 255 COMPUTE STATISTICS 
  STORAGE(INITIAL 65536 NEXT 1048576 MINEXTENTS 1 MAXEXTENTS 2147483645
  PCTINCREASE 0 FREELISTS 1 FREELIST GROUPS 1 BUFFER_POOL DEFAULT FLASH_CACHE DEFAULT CELL_FLASH_CACHE DEFAULT)
  TABLESPACE "USERS" ;
--------------------------------------------------------
--  DDL for Index PROVEEDOR_PK
--------------------------------------------------------

  CREATE UNIQUE INDEX "BIKES"."PROVEEDOR_PK" ON "BIKES"."PROVEEDOR" ("ID_PROVEEDOR") 
  PCTFREE 10 INITRANS 2 MAXTRANS 255 COMPUTE STATISTICS 
  STORAGE(INITIAL 65536 NEXT 1048576 MINEXTENTS 1 MAXEXTENTS 2147483645
  PCTINCREASE 0 FREELISTS 1 FREELIST GROUPS 1 BUFFER_POOL DEFAULT FLASH_CACHE DEFAULT CELL_FLASH_CACHE DEFAULT)
  TABLESPACE "USERS" ;
--------------------------------------------------------
--  DDL for Index REPARACION_PK
--------------------------------------------------------

  CREATE UNIQUE INDEX "BIKES"."REPARACION_PK" ON "BIKES"."REPARACION" ("ID_REPARACION") 
  PCTFREE 10 INITRANS 2 MAXTRANS 255 COMPUTE STATISTICS 
  STORAGE(INITIAL 65536 NEXT 1048576 MINEXTENTS 1 MAXEXTENTS 2147483645
  PCTINCREASE 0 FREELISTS 1 FREELIST GROUPS 1 BUFFER_POOL DEFAULT FLASH_CACHE DEFAULT CELL_FLASH_CACHE DEFAULT)
  TABLESPACE "USERS" ;
--------------------------------------------------------
--  DDL for Index TIPOBICICLETA_PK
--------------------------------------------------------

  CREATE UNIQUE INDEX "BIKES"."TIPOBICICLETA_PK" ON "BIKES"."TIPOBICICLETA" ("ID_TIPOBICICLETA") 
  PCTFREE 10 INITRANS 2 MAXTRANS 255 COMPUTE STATISTICS 
  STORAGE(INITIAL 65536 NEXT 1048576 MINEXTENTS 1 MAXEXTENTS 2147483645
  PCTINCREASE 0 FREELISTS 1 FREELIST GROUPS 1 BUFFER_POOL DEFAULT FLASH_CACHE DEFAULT CELL_FLASH_CACHE DEFAULT)
  TABLESPACE "USERS" ;
--------------------------------------------------------
--  DDL for Index TIPODESPACHO_PK
--------------------------------------------------------

  CREATE UNIQUE INDEX "BIKES"."TIPODESPACHO_PK" ON "BIKES"."TIPODESPACHO" ("ID_TIPODESPACHO") 
  PCTFREE 10 INITRANS 2 MAXTRANS 255 COMPUTE STATISTICS 
  STORAGE(INITIAL 65536 NEXT 1048576 MINEXTENTS 1 MAXEXTENTS 2147483645
  PCTINCREASE 0 FREELISTS 1 FREELIST GROUPS 1 BUFFER_POOL DEFAULT FLASH_CACHE DEFAULT CELL_FLASH_CACHE DEFAULT)
  TABLESPACE "USERS" ;
--------------------------------------------------------
--  DDL for Index TIPOUSUARIO_PK
--------------------------------------------------------

  CREATE UNIQUE INDEX "BIKES"."TIPOUSUARIO_PK" ON "BIKES"."TIPOUSUARIO" ("ID_TIPOUSUARIO") 
  PCTFREE 10 INITRANS 2 MAXTRANS 255 COMPUTE STATISTICS 
  STORAGE(INITIAL 65536 NEXT 1048576 MINEXTENTS 1 MAXEXTENTS 2147483645
  PCTINCREASE 0 FREELISTS 1 FREELIST GROUPS 1 BUFFER_POOL DEFAULT FLASH_CACHE DEFAULT CELL_FLASH_CACHE DEFAULT)
  TABLESPACE "USERS" ;
--------------------------------------------------------
--  DDL for Index USUARIO_PK
--------------------------------------------------------

  CREATE UNIQUE INDEX "BIKES"."USUARIO_PK" ON "BIKES"."USUARIO" ("ID_USUARIO") 
  PCTFREE 10 INITRANS 2 MAXTRANS 255 COMPUTE STATISTICS 
  STORAGE(INITIAL 65536 NEXT 1048576 MINEXTENTS 1 MAXEXTENTS 2147483645
  PCTINCREASE 0 FREELISTS 1 FREELIST GROUPS 1 BUFFER_POOL DEFAULT FLASH_CACHE DEFAULT CELL_FLASH_CACHE DEFAULT)
  TABLESPACE "USERS" ;
--------------------------------------------------------
--  DDL for Trigger TRG_ASIGNA_ID_BICICLETA
--------------------------------------------------------

  CREATE OR REPLACE TRIGGER "BIKES"."TRG_ASIGNA_ID_BICICLETA" 
before insert on BICICLETA
for each row
begin
  select nvl(max(id_bicicleta),0) + 1 into :new.id_bicicleta
  from bicicleta;
end TRG_ASIGNA_ID_BICICLETA;
/
ALTER TRIGGER "BIKES"."TRG_ASIGNA_ID_BICICLETA" ENABLE;
--------------------------------------------------------
--  DDL for Trigger TRG_ASIGNA_ID_DESPACHO
--------------------------------------------------------

  CREATE OR REPLACE TRIGGER "BIKES"."TRG_ASIGNA_ID_DESPACHO" 
before insert on DESPACHO
for each row
begin
  select nvl(max(ID_DESPACHO),0) + 1 into :new.ID_DESPACHO
  from DESPACHO;
end TRG_ASIGNA_ID_DESPACHO;
/
ALTER TRIGGER "BIKES"."TRG_ASIGNA_ID_DESPACHO" ENABLE;
--------------------------------------------------------
--  DDL for Trigger TRG_ASIGNA_ID_USUARIO
--------------------------------------------------------

  CREATE OR REPLACE TRIGGER "BIKES"."TRG_ASIGNA_ID_USUARIO" 
before insert on usuario
for each row
begin
  select nvl(max(id_usuario),0) + 1 into :new.id_usuario
  from usuario;
end TRG_ASIGNA_ID_Usuario;
/
ALTER TRIGGER "BIKES"."TRG_ASIGNA_ID_USUARIO" ENABLE;
--------------------------------------------------------
--  DDL for Package ACTUALIZAR_PKG
--------------------------------------------------------

  CREATE OR REPLACE PACKAGE "BIKES"."ACTUALIZAR_PKG" AS 

  PROCEDURE  ACTUALIZAR_USUARIO 
(
  p_rut_usuario USUARIO.RUT%TYPE,
  p_nombres_usuario USUARIO.NOMBRE%TYPE,
  p_apellido_usuario USUARIO.APELLIDO%TYPE,
  p_email_usuario USUARIO.EMAIL%TYPE,
  p_sexo_usuario USUARIO.SEXO%TYPE,
  p_edad_usuario USUARIO.EDAD%TYPE,
  p_dirección_usuario USUARIO.DIRECCION%TYPE,
  p_username_usuario USUARIO.USERNAME%TYPE,
  p_password_usuario USUARIO.PASSWORD%TYPE,
  p_id_comuna USUARIO.COMUNA_ID_COMUNA%TYPE,
  p_id_tipousuario USUARIO.TIPOUSUARIO_ID_TIPOUSUARIO%TYPE,
  p_id_usuario USUARIO.ID_USUARIO%TYPE
);

END ACTUALIZAR_PKG;

/
--------------------------------------------------------
--  DDL for Package AGREGAR_PKG
--------------------------------------------------------

  CREATE OR REPLACE PACKAGE "BIKES"."AGREGAR_PKG" AS 

PROCEDURE  AGREGAR_USUARIO 
(
  p_rut_usuario USUARIO.RUT%TYPE,
  p_nombres_usuario USUARIO.NOMBRE%TYPE,
  p_apellido_usuario USUARIO.APELLIDO%TYPE,
  p_email_usuario USUARIO.EMAIL%TYPE,
  p_sexo_usuario USUARIO.SEXO%TYPE,
  p_edad_usuario USUARIO.EDAD%TYPE,
  p_dirección_usuario USUARIO.DIRECCION%TYPE,
  p_username_usuario USUARIO.USERNAME%TYPE,
  p_password_usuario USUARIO.PASSWORD%TYPE,
  p_id_comuna USUARIO.COMUNA_ID_COMUNA%TYPE,
  p_id_tipousuario USUARIO.TIPOUSUARIO_ID_TIPOUSUARIO%TYPE
);

PROCEDURE  AGREGAR_DESPACHO 
(
  p_direccion_despacho DESPACHO.DIRECCION%TYPE,
  p_id_estado_despacho DESPACHO.ID_ESTADODESPACHO%TYPE,
  p_id_tipo_despacho DESPACHO.TIPODESPACHO_ID_TIPODESPACHO%TYPE,
  p_id_usuario DESPACHO.USUARIO_ID_USUARIO%TYPE
);

procedure proc_listar_despacho( pcursor out sys_refcursor );

END AGREGAR_PKG;

/
--------------------------------------------------------
--  DDL for Package BICICLETA_PKG
--------------------------------------------------------

  CREATE OR REPLACE PACKAGE "BIKES"."BICICLETA_PKG" AS
procedure proc_listar_bicicleta(pcursor out sys_refcursor);
procedure proc_agregar_bicicleta(p_marca BICICLETA.MARCA%TYPE, p_modelo BICICLETA.MODELO%TYPE, p_tipobicicleta BICICLETA.TIPOBICICLETA_ID_TIPOBICICLETA%TYPE);
procedure proc_modificar_bicicleta(p_marca BICICLETA.MARCA%TYPE, p_modelo BICICLETA.MODELO%TYPE, p_tipobicicleta BICICLETA.TIPOBICICLETA_ID_TIPOBICICLETA%TYPE);
procedure proc_eliminar_bicicleta(p_marca BICICLETA.MARCA%TYPE);
procedure proc_existe_bicicleta(p_marca BICICLETA.MARCA%TYPE,pcursor out sys_refcursor);
END BICICLETA_PKG;

/
--------------------------------------------------------
--  DDL for Package COMUNA_PKG
--------------------------------------------------------

  CREATE OR REPLACE PACKAGE "BIKES"."COMUNA_PKG" AS 
procedure proc_obtener_comuna(pcursor out sys_refcursor);  
procedure proc_obtener_ciudad(pcursor out sys_refcursor);
END COMUNA_PKG;

/
--------------------------------------------------------
--  DDL for Package ELIMINAR_PKG
--------------------------------------------------------

  CREATE OR REPLACE PACKAGE "BIKES"."ELIMINAR_PKG" AS 

procedure ELIMINAR_USUARIO(p_id_usuario USUARIO.ID_USUARIO%TYPE);
procedure eliminar_user(p_rut USUARIO.RUT%TYPE);

END ELIMINAR_PKG;

/
--------------------------------------------------------
--  DDL for Package USUARIO_PKG
--------------------------------------------------------

  CREATE OR REPLACE PACKAGE "BIKES"."USUARIO_PKG" AS 

procedure proc_obtener_login(p_username varchar2, p_password varchar2, pcursor out sys_refcursor );  
procedure proc_obtener_tipoUsuario(pcursor out sys_refcursor);
procedure proc_lista_usuario(pcursor out sys_refcursor);
procedure proc_validar_usuario(p_rut varchar2, pcursor out sys_refcursor);

END USUARIO_PKG;

/
--------------------------------------------------------
--  DDL for Package Body ACTUALIZAR_PKG
--------------------------------------------------------

  CREATE OR REPLACE PACKAGE BODY "BIKES"."ACTUALIZAR_PKG" AS

  PROCEDURE  ACTUALIZAR_USUARIO 
(
  p_rut_usuario USUARIO.RUT%TYPE,
  p_nombres_usuario USUARIO.NOMBRE%TYPE,
  p_apellido_usuario USUARIO.APELLIDO%TYPE,
  p_email_usuario USUARIO.EMAIL%TYPE,
  p_sexo_usuario USUARIO.SEXO%TYPE,
  p_edad_usuario USUARIO.EDAD%TYPE,
  p_dirección_usuario USUARIO.DIRECCION%TYPE,
  p_username_usuario USUARIO.USERNAME%TYPE,
  p_password_usuario USUARIO.PASSWORD%TYPE,
  p_id_comuna USUARIO.COMUNA_ID_COMUNA%TYPE,
  p_id_tipousuario USUARIO.TIPOUSUARIO_ID_TIPOUSUARIO%TYPE,
  p_id_usuario USUARIO.ID_USUARIO%TYPE
) AS
  BEGIN
    UPDATE USUARIO 
    SET 
    RUT=p_rut_usuario, 
    NOMBRE=p_nombres_usuario,
    APELLIDO=p_apellido_usuario,
    EMAIL=p_email_usuario,
    SEXO=p_sexo_usuario,
    EDAD=p_edad_usuario,
    DIRECCION=p_dirección_usuario,
    USERNAME=p_username_usuario,
    PASSWORD=p_password_usuario,
    COMUNA_ID_COMUNA=p_id_comuna,
    TIPOUSUARIO_ID_TIPOUSUARIO=p_id_tipousuario
    WHERE RUT=p_rut_usuario;

  END ACTUALIZAR_USUARIO;

END ACTUALIZAR_PKG;

/
--------------------------------------------------------
--  DDL for Package Body AGREGAR_PKG
--------------------------------------------------------

  CREATE OR REPLACE PACKAGE BODY "BIKES"."AGREGAR_PKG" AS

-- AGREGAR USUARIO NUEVO, ES IMPORTANTE SEÑALAR QUE EL IDUSUARIO SE REALIZA AUTOMATICAMENTE
-- YA QUE SE CREO UN TRIGGER PARA HACER ESA ACCIÓN 
  PROCEDURE  AGREGAR_USUARIO 
(
  p_rut_usuario USUARIO.RUT%TYPE,
  p_nombres_usuario USUARIO.NOMBRE%TYPE,
  p_apellido_usuario USUARIO.APELLIDO%TYPE,
  p_email_usuario USUARIO.EMAIL%TYPE,
  p_sexo_usuario USUARIO.SEXO%TYPE,
  p_edad_usuario USUARIO.EDAD%TYPE,
  p_dirección_usuario USUARIO.DIRECCION%TYPE,
  p_username_usuario USUARIO.USERNAME%TYPE,
  p_password_usuario USUARIO.PASSWORD%TYPE,
  p_id_comuna USUARIO.COMUNA_ID_COMUNA%TYPE,
  p_id_tipousuario USUARIO.TIPOUSUARIO_ID_TIPOUSUARIO%TYPE
) AS
  BEGIN
    INSERT INTO USUARIO (RUT,NOMBRE,APELLIDO,EMAIL,SEXO,EDAD,DIRECCION,USERNAME,PASSWORD,COMUNA_ID_COMUNA,TIPOUSUARIO_ID_TIPOUSUARIO)
    VALUES(p_rut_usuario,p_nombres_usuario,p_apellido_usuario,p_email_usuario,p_sexo_usuario,p_edad_usuario,
    p_dirección_usuario,p_username_usuario,p_password_usuario,p_id_comuna,p_id_tipousuario);
  END AGREGAR_USUARIO;

  PROCEDURE  AGREGAR_DESPACHO 
    (
      p_direccion_despacho DESPACHO.DIRECCION%TYPE,
      p_id_estado_despacho DESPACHO.ID_ESTADODESPACHO%TYPE,
      p_id_tipo_despacho DESPACHO.TIPODESPACHO_ID_TIPODESPACHO%TYPE,
      p_id_usuario DESPACHO.USUARIO_ID_USUARIO%TYPE
    )AS
    BEGIN
    INSERT INTO DESPACHO(DIRECCION,ID_ESTADODESPACHO,TIPODESPACHO_ID_TIPODESPACHO,USUARIO_ID_USUARIO)
    VALUES(p_direccion_despacho,p_id_estado_despacho,p_id_tipo_despacho,p_id_usuario);
    END AGREGAR_DESPACHO;

procedure proc_listar_despacho( pcursor out sys_refcursor )as
BEGIN
OPEN pcursor FOR
SELECT * FROM DESPACHO;
END proc_listar_despacho;

END AGREGAR_PKG;

/
--------------------------------------------------------
--  DDL for Package Body BICICLETA_PKG
--------------------------------------------------------

  CREATE OR REPLACE PACKAGE BODY "BIKES"."BICICLETA_PKG" AS
procedure proc_listar_bicicleta(pcursor out sys_refcursor)as
BEGIN
OPEN pcursor FOR
SELECT * FROM BICICLETA;
END proc_listar_bicicleta;

procedure proc_agregar_bicicleta(p_marca BICICLETA.MARCA%TYPE, p_modelo BICICLETA.MODELO%TYPE, p_tipobicicleta BICICLETA.TIPOBICICLETA_ID_TIPOBICICLETA%TYPE)as
BEGIN
INSERT INTO BICICLETA (MARCA,MODELO,TIPOBICICLETA_ID_TIPOBICICLETA)VALUES(p_marca, p_modelo, p_tipobicicleta);
END proc_agregar_bicicleta;

procedure proc_modificar_bicicleta(p_marca BICICLETA.MARCA%TYPE, p_modelo BICICLETA.MODELO%TYPE, p_tipobicicleta BICICLETA.TIPOBICICLETA_ID_TIPOBICICLETA%TYPE)as
BEGIN
UPDATE BICICLETA SET MARCA=p_marca, MODELO=p_modelo,TIPOBICICLETA_ID_TIPOBICICLETA= p_tipobicicleta WHERE MARCA = p_marca;
END proc_modificar_bicicleta;


procedure proc_eliminar_bicicleta(p_marca BICICLETA.MARCA%TYPE)as
BEGIN
DELETE FROM BICICLETA WHERE MARCA = p_marca;
END proc_eliminar_bicicleta;


procedure proc_existe_bicicleta(p_marca BICICLETA.MARCA%TYPE,pcursor out sys_refcursor)as
BEGIN
OPEN pcursor FOR
SELECT * FROM BICICLETA WHERE MARCA = p_marca;
END proc_existe_bicicleta;

END BICICLETA_PKG;

/
--------------------------------------------------------
--  DDL for Package Body COMUNA_PKG
--------------------------------------------------------

  CREATE OR REPLACE PACKAGE BODY "BIKES"."COMUNA_PKG" AS

-- Para cargar las Comunas en el combobox de la aplicación, segun el id de la ciudad ya seleccionada en otro combobox
procedure proc_obtener_comuna(pcursor out sys_refcursor) AS
  BEGIN
    OPEN pcursor FOR
    SELECT * from Comuna;
END proc_obtener_comuna;

-- Para cargar todas las Ciudades en un combobox 
  procedure proc_obtener_ciudad(pcursor out sys_refcursor) AS
  BEGIN
    OPEN pcursor FOR
    SELECT * from Ciudad; 
  END proc_obtener_ciudad;

END COMUNA_PKG;

/
--------------------------------------------------------
--  DDL for Package Body ELIMINAR_PKG
--------------------------------------------------------

  CREATE OR REPLACE PACKAGE BODY "BIKES"."ELIMINAR_PKG" AS

  procedure ELIMINAR_USUARIO(p_id_usuario USUARIO.ID_USUARIO%TYPE) AS
  BEGIN
	DELETE from USUARIO where ID_USUARIO=p_id_usuario;

  END ELIMINAR_USUARIO;
  
  procedure eliminar_user(p_rut USUARIO.RUT%TYPE)AS
  BEGIN
    DELETE FROM USUARIO WHERE RUT=p_rut;
    END eliminar_user;    

END ELIMINAR_PKG;

/
--------------------------------------------------------
--  DDL for Package Body USUARIO_PKG
--------------------------------------------------------

  CREATE OR REPLACE PACKAGE BODY "BIKES"."USUARIO_PKG" AS

  procedure proc_obtener_login(p_username varchar2, p_password varchar2, pcursor out sys_refcursor ) AS
  BEGIN
        OPEN pcursor FOR
        SELECT  NOMBRE,APELLIDO,ID_USUARIO,PASSWORD,RUT,USERNAME,TIPOUSUARIO_ID_TIPOUSUARIO
        --SELECT USERNAME,PASSWORD 
        FROM USUARIO
        WHERE PASSWORD=p_password and USERNAME=p_username and TIPOUSUARIO_ID_TIPOUSUARIO=3;  
  END proc_obtener_login;

-- Para cargar el combobox con el tipo de usuario que es el usuario
  procedure proc_obtener_tipoUsuario(pcursor out sys_refcursor) AS
  BEGIN
        OPEN pcursor FOR
        SELECT * from TIPOUSUARIO ORDER BY ID_TIPOUSUARIO ASC; 
  END proc_obtener_tipoUsuario;
  
  procedure proc_lista_usuario(pcursor out sys_refcursor) as
  BEGIN
      OPEN pcursor FOR
      SELECT * FROM USUARIO;
  END proc_lista_usuario;
  
  procedure proc_validar_usuario(p_rut varchar2, pcursor out sys_refcursor)AS
  BEGIN
  OPEN pcursor FOR
    SELECT RUT FROM USUARIO WHERE RUT=p_rut;
  END proc_validar_usuario;

END USUARIO_PKG;

/
--------------------------------------------------------
--  Constraints for Table ARRIENDO
--------------------------------------------------------

  ALTER TABLE "BIKES"."ARRIENDO" ADD CONSTRAINT "ARRIENDO_PK" PRIMARY KEY ("ID_ARRIENDO")
  USING INDEX PCTFREE 10 INITRANS 2 MAXTRANS 255 COMPUTE STATISTICS 
  STORAGE(INITIAL 65536 NEXT 1048576 MINEXTENTS 1 MAXEXTENTS 2147483645
  PCTINCREASE 0 FREELISTS 1 FREELIST GROUPS 1 BUFFER_POOL DEFAULT FLASH_CACHE DEFAULT CELL_FLASH_CACHE DEFAULT)
  TABLESPACE "USERS"  ENABLE;
  ALTER TABLE "BIKES"."ARRIENDO" MODIFY ("PAGO_ID_FORMAPAGO" NOT NULL ENABLE);
  ALTER TABLE "BIKES"."ARRIENDO" MODIFY ("BICICLETA_ID_BICICLETA" NOT NULL ENABLE);
  ALTER TABLE "BIKES"."ARRIENDO" MODIFY ("USUARIO_ID_USUARIO" NOT NULL ENABLE);
  ALTER TABLE "BIKES"."ARRIENDO" MODIFY ("DEPOSITOGARANTIA" NOT NULL ENABLE);
  ALTER TABLE "BIKES"."ARRIENDO" MODIFY ("FECHAFIN" NOT NULL ENABLE);
  ALTER TABLE "BIKES"."ARRIENDO" MODIFY ("FECHAINICIO" NOT NULL ENABLE);
  ALTER TABLE "BIKES"."ARRIENDO" MODIFY ("ID_ARRIENDO" NOT NULL ENABLE);
--------------------------------------------------------
--  Constraints for Table BICICLETA
--------------------------------------------------------

  ALTER TABLE "BIKES"."BICICLETA" ADD CONSTRAINT "BICICLETA_PK" PRIMARY KEY ("ID_BICICLETA")
  USING INDEX PCTFREE 10 INITRANS 2 MAXTRANS 255 COMPUTE STATISTICS 
  STORAGE(INITIAL 65536 NEXT 1048576 MINEXTENTS 1 MAXEXTENTS 2147483645
  PCTINCREASE 0 FREELISTS 1 FREELIST GROUPS 1 BUFFER_POOL DEFAULT FLASH_CACHE DEFAULT CELL_FLASH_CACHE DEFAULT)
  TABLESPACE "USERS"  ENABLE;
  ALTER TABLE "BIKES"."BICICLETA" MODIFY ("TIPOBICICLETA_ID_TIPOBICICLETA" NOT NULL ENABLE);
  ALTER TABLE "BIKES"."BICICLETA" MODIFY ("MODELO" NOT NULL ENABLE);
  ALTER TABLE "BIKES"."BICICLETA" MODIFY ("MARCA" NOT NULL ENABLE);
  ALTER TABLE "BIKES"."BICICLETA" MODIFY ("ID_BICICLETA" NOT NULL ENABLE);
--------------------------------------------------------
--  Constraints for Table CIUDAD
--------------------------------------------------------

  ALTER TABLE "BIKES"."CIUDAD" ADD CONSTRAINT "CIUDAD_PK" PRIMARY KEY ("ID_CIUDAD")
  USING INDEX PCTFREE 10 INITRANS 2 MAXTRANS 255 COMPUTE STATISTICS 
  STORAGE(INITIAL 65536 NEXT 1048576 MINEXTENTS 1 MAXEXTENTS 2147483645
  PCTINCREASE 0 FREELISTS 1 FREELIST GROUPS 1 BUFFER_POOL DEFAULT FLASH_CACHE DEFAULT CELL_FLASH_CACHE DEFAULT)
  TABLESPACE "USERS"  ENABLE;
  ALTER TABLE "BIKES"."CIUDAD" MODIFY ("NOMBRE" NOT NULL ENABLE);
  ALTER TABLE "BIKES"."CIUDAD" MODIFY ("ID_CIUDAD" NOT NULL ENABLE);
--------------------------------------------------------
--  Constraints for Table COMUNA
--------------------------------------------------------

  ALTER TABLE "BIKES"."COMUNA" ADD CONSTRAINT "COMUNA_PK" PRIMARY KEY ("ID_COMUNA")
  USING INDEX PCTFREE 10 INITRANS 2 MAXTRANS 255 COMPUTE STATISTICS 
  STORAGE(INITIAL 65536 NEXT 1048576 MINEXTENTS 1 MAXEXTENTS 2147483645
  PCTINCREASE 0 FREELISTS 1 FREELIST GROUPS 1 BUFFER_POOL DEFAULT FLASH_CACHE DEFAULT CELL_FLASH_CACHE DEFAULT)
  TABLESPACE "USERS"  ENABLE;
  ALTER TABLE "BIKES"."COMUNA" MODIFY ("CIUDAD_ID_CIUDAD" NOT NULL ENABLE);
  ALTER TABLE "BIKES"."COMUNA" MODIFY ("ID_COMUNA" NOT NULL ENABLE);
--------------------------------------------------------
--  Constraints for Table DESPACHO
--------------------------------------------------------

  ALTER TABLE "BIKES"."DESPACHO" ADD CONSTRAINT "DESPACHO_PK" PRIMARY KEY ("ID_DESPACHO")
  USING INDEX PCTFREE 10 INITRANS 2 MAXTRANS 255 COMPUTE STATISTICS 
  STORAGE(INITIAL 65536 NEXT 1048576 MINEXTENTS 1 MAXEXTENTS 2147483645
  PCTINCREASE 0 FREELISTS 1 FREELIST GROUPS 1 BUFFER_POOL DEFAULT FLASH_CACHE DEFAULT CELL_FLASH_CACHE DEFAULT)
  TABLESPACE "USERS"  ENABLE;
  ALTER TABLE "BIKES"."DESPACHO" MODIFY ("USUARIO_ID_USUARIO" NOT NULL ENABLE);
  ALTER TABLE "BIKES"."DESPACHO" MODIFY ("ID_ESTADODESPACHO" NOT NULL ENABLE);
  ALTER TABLE "BIKES"."DESPACHO" MODIFY ("TIPODESPACHO_ID_TIPODESPACHO" NOT NULL ENABLE);
  ALTER TABLE "BIKES"."DESPACHO" MODIFY ("ID_DESPACHO" NOT NULL ENABLE);
--------------------------------------------------------
--  Constraints for Table ESTADODESPACHO
--------------------------------------------------------

  ALTER TABLE "BIKES"."ESTADODESPACHO" ADD CONSTRAINT "ESTADODESPACHO_PK" PRIMARY KEY ("ID_ESTADODESPACHO")
  USING INDEX PCTFREE 10 INITRANS 2 MAXTRANS 255 COMPUTE STATISTICS 
  STORAGE(INITIAL 65536 NEXT 1048576 MINEXTENTS 1 MAXEXTENTS 2147483645
  PCTINCREASE 0 FREELISTS 1 FREELIST GROUPS 1 BUFFER_POOL DEFAULT FLASH_CACHE DEFAULT CELL_FLASH_CACHE DEFAULT)
  TABLESPACE "USERS"  ENABLE;
  ALTER TABLE "BIKES"."ESTADODESPACHO" MODIFY ("DESCRIPCION" NOT NULL ENABLE);
  ALTER TABLE "BIKES"."ESTADODESPACHO" MODIFY ("ID_ESTADODESPACHO" NOT NULL ENABLE);
--------------------------------------------------------
--  Constraints for Table ESTADOREPARACION
--------------------------------------------------------

  ALTER TABLE "BIKES"."ESTADOREPARACION" ADD CONSTRAINT "ESTADOREPARACION_PK" PRIMARY KEY ("ID_ESTADOREPARACION")
  USING INDEX PCTFREE 10 INITRANS 2 MAXTRANS 255 COMPUTE STATISTICS 
  STORAGE(INITIAL 65536 NEXT 1048576 MINEXTENTS 1 MAXEXTENTS 2147483645
  PCTINCREASE 0 FREELISTS 1 FREELIST GROUPS 1 BUFFER_POOL DEFAULT FLASH_CACHE DEFAULT CELL_FLASH_CACHE DEFAULT)
  TABLESPACE "USERS"  ENABLE;
  ALTER TABLE "BIKES"."ESTADOREPARACION" MODIFY ("NOMBRE" NOT NULL ENABLE);
  ALTER TABLE "BIKES"."ESTADOREPARACION" MODIFY ("ID_ESTADOREPARACION" NOT NULL ENABLE);
--------------------------------------------------------
--  Constraints for Table HISTORIALMANTENCIONES
--------------------------------------------------------

  ALTER TABLE "BIKES"."HISTORIALMANTENCIONES" ADD CONSTRAINT "HISTORIALMANTENCIONES_PK" PRIMARY KEY ("ID_MANTENCION")
  USING INDEX PCTFREE 10 INITRANS 2 MAXTRANS 255 COMPUTE STATISTICS 
  STORAGE(INITIAL 65536 NEXT 1048576 MINEXTENTS 1 MAXEXTENTS 2147483645
  PCTINCREASE 0 FREELISTS 1 FREELIST GROUPS 1 BUFFER_POOL DEFAULT FLASH_CACHE DEFAULT CELL_FLASH_CACHE DEFAULT)
  TABLESPACE "USERS"  ENABLE;
  ALTER TABLE "BIKES"."HISTORIALMANTENCIONES" MODIFY ("REPARACION_ID_REPARACION" NOT NULL ENABLE);
  ALTER TABLE "BIKES"."HISTORIALMANTENCIONES" MODIFY ("ID_MANTENCION" NOT NULL ENABLE);
--------------------------------------------------------
--  Constraints for Table PAGO
--------------------------------------------------------

  ALTER TABLE "BIKES"."PAGO" ADD CONSTRAINT "PAGO_PK" PRIMARY KEY ("ID_FORMAPAGO")
  USING INDEX PCTFREE 10 INITRANS 2 MAXTRANS 255 COMPUTE STATISTICS 
  STORAGE(INITIAL 65536 NEXT 1048576 MINEXTENTS 1 MAXEXTENTS 2147483645
  PCTINCREASE 0 FREELISTS 1 FREELIST GROUPS 1 BUFFER_POOL DEFAULT FLASH_CACHE DEFAULT CELL_FLASH_CACHE DEFAULT)
  TABLESPACE "USERS"  ENABLE;
  ALTER TABLE "BIKES"."PAGO" MODIFY ("NOMBRE" NOT NULL ENABLE);
  ALTER TABLE "BIKES"."PAGO" MODIFY ("ID_FORMAPAGO" NOT NULL ENABLE);
--------------------------------------------------------
--  Constraints for Table PROVEEDOR
--------------------------------------------------------

  ALTER TABLE "BIKES"."PROVEEDOR" ADD CONSTRAINT "PROVEEDOR_PK" PRIMARY KEY ("ID_PROVEEDOR")
  USING INDEX PCTFREE 10 INITRANS 2 MAXTRANS 255 COMPUTE STATISTICS 
  STORAGE(INITIAL 65536 NEXT 1048576 MINEXTENTS 1 MAXEXTENTS 2147483645
  PCTINCREASE 0 FREELISTS 1 FREELIST GROUPS 1 BUFFER_POOL DEFAULT FLASH_CACHE DEFAULT CELL_FLASH_CACHE DEFAULT)
  TABLESPACE "USERS"  ENABLE;
  ALTER TABLE "BIKES"."PROVEEDOR" MODIFY ("USUARIO_ID_USUARIO" NOT NULL ENABLE);
  ALTER TABLE "BIKES"."PROVEEDOR" MODIFY ("NOMBRE" NOT NULL ENABLE);
  ALTER TABLE "BIKES"."PROVEEDOR" MODIFY ("ID_PROVEEDOR" NOT NULL ENABLE);
--------------------------------------------------------
--  Constraints for Table REPARACION
--------------------------------------------------------

  ALTER TABLE "BIKES"."REPARACION" ADD CONSTRAINT "REPARACION_PK" PRIMARY KEY ("ID_REPARACION")
  USING INDEX PCTFREE 10 INITRANS 2 MAXTRANS 255 COMPUTE STATISTICS 
  STORAGE(INITIAL 65536 NEXT 1048576 MINEXTENTS 1 MAXEXTENTS 2147483645
  PCTINCREASE 0 FREELISTS 1 FREELIST GROUPS 1 BUFFER_POOL DEFAULT FLASH_CACHE DEFAULT CELL_FLASH_CACHE DEFAULT)
  TABLESPACE "USERS"  ENABLE;
  ALTER TABLE "BIKES"."REPARACION" MODIFY ("ID_ESTADOREPARACION" NOT NULL ENABLE);
  ALTER TABLE "BIKES"."REPARACION" MODIFY ("USUARIO_ID_USUARIO" NOT NULL ENABLE);
  ALTER TABLE "BIKES"."REPARACION" MODIFY ("DESCRIPCION" NOT NULL ENABLE);
  ALTER TABLE "BIKES"."REPARACION" MODIFY ("ID_REPARACION" NOT NULL ENABLE);
--------------------------------------------------------
--  Constraints for Table TIPOBICICLETA
--------------------------------------------------------

  ALTER TABLE "BIKES"."TIPOBICICLETA" ADD CONSTRAINT "TIPOBICICLETA_PK" PRIMARY KEY ("ID_TIPOBICICLETA")
  USING INDEX PCTFREE 10 INITRANS 2 MAXTRANS 255 COMPUTE STATISTICS 
  STORAGE(INITIAL 65536 NEXT 1048576 MINEXTENTS 1 MAXEXTENTS 2147483645
  PCTINCREASE 0 FREELISTS 1 FREELIST GROUPS 1 BUFFER_POOL DEFAULT FLASH_CACHE DEFAULT CELL_FLASH_CACHE DEFAULT)
  TABLESPACE "USERS"  ENABLE;
  ALTER TABLE "BIKES"."TIPOBICICLETA" MODIFY ("DESCRIPCION" NOT NULL ENABLE);
  ALTER TABLE "BIKES"."TIPOBICICLETA" MODIFY ("NOMBRE" NOT NULL ENABLE);
  ALTER TABLE "BIKES"."TIPOBICICLETA" MODIFY ("ID_TIPOBICICLETA" NOT NULL ENABLE);
--------------------------------------------------------
--  Constraints for Table TIPODESPACHO
--------------------------------------------------------

  ALTER TABLE "BIKES"."TIPODESPACHO" ADD CONSTRAINT "TIPODESPACHO_PK" PRIMARY KEY ("ID_TIPODESPACHO")
  USING INDEX PCTFREE 10 INITRANS 2 MAXTRANS 255 COMPUTE STATISTICS 
  STORAGE(INITIAL 65536 NEXT 1048576 MINEXTENTS 1 MAXEXTENTS 2147483645
  PCTINCREASE 0 FREELISTS 1 FREELIST GROUPS 1 BUFFER_POOL DEFAULT FLASH_CACHE DEFAULT CELL_FLASH_CACHE DEFAULT)
  TABLESPACE "USERS"  ENABLE;
  ALTER TABLE "BIKES"."TIPODESPACHO" MODIFY ("NOMBRE" NOT NULL ENABLE);
  ALTER TABLE "BIKES"."TIPODESPACHO" MODIFY ("ID_TIPODESPACHO" NOT NULL ENABLE);
--------------------------------------------------------
--  Constraints for Table TIPOUSUARIO
--------------------------------------------------------

  ALTER TABLE "BIKES"."TIPOUSUARIO" ADD CONSTRAINT "TIPOUSUARIO_PK" PRIMARY KEY ("ID_TIPOUSUARIO")
  USING INDEX PCTFREE 10 INITRANS 2 MAXTRANS 255 COMPUTE STATISTICS 
  STORAGE(INITIAL 65536 NEXT 1048576 MINEXTENTS 1 MAXEXTENTS 2147483645
  PCTINCREASE 0 FREELISTS 1 FREELIST GROUPS 1 BUFFER_POOL DEFAULT FLASH_CACHE DEFAULT CELL_FLASH_CACHE DEFAULT)
  TABLESPACE "USERS"  ENABLE;
  ALTER TABLE "BIKES"."TIPOUSUARIO" MODIFY ("DESCRIPCION" NOT NULL ENABLE);
  ALTER TABLE "BIKES"."TIPOUSUARIO" MODIFY ("NOMBRE" NOT NULL ENABLE);
  ALTER TABLE "BIKES"."TIPOUSUARIO" MODIFY ("ID_TIPOUSUARIO" NOT NULL ENABLE);
--------------------------------------------------------
--  Constraints for Table USUARIO
--------------------------------------------------------

  ALTER TABLE "BIKES"."USUARIO" ADD CONSTRAINT "USUARIO_PK" PRIMARY KEY ("ID_USUARIO")
  USING INDEX PCTFREE 10 INITRANS 2 MAXTRANS 255 COMPUTE STATISTICS 
  STORAGE(INITIAL 65536 NEXT 1048576 MINEXTENTS 1 MAXEXTENTS 2147483645
  PCTINCREASE 0 FREELISTS 1 FREELIST GROUPS 1 BUFFER_POOL DEFAULT FLASH_CACHE DEFAULT CELL_FLASH_CACHE DEFAULT)
  TABLESPACE "USERS"  ENABLE;
  ALTER TABLE "BIKES"."USUARIO" MODIFY ("TIPOUSUARIO_ID_TIPOUSUARIO" NOT NULL ENABLE);
  ALTER TABLE "BIKES"."USUARIO" MODIFY ("COMUNA_ID_COMUNA" NOT NULL ENABLE);
  ALTER TABLE "BIKES"."USUARIO" MODIFY ("PASSWORD" NOT NULL ENABLE);
  ALTER TABLE "BIKES"."USUARIO" MODIFY ("USERNAME" NOT NULL ENABLE);
  ALTER TABLE "BIKES"."USUARIO" MODIFY ("DIRECCION" NOT NULL ENABLE);
  ALTER TABLE "BIKES"."USUARIO" MODIFY ("EDAD" NOT NULL ENABLE);
  ALTER TABLE "BIKES"."USUARIO" MODIFY ("SEXO" NOT NULL ENABLE);
  ALTER TABLE "BIKES"."USUARIO" MODIFY ("EMAIL" NOT NULL ENABLE);
  ALTER TABLE "BIKES"."USUARIO" MODIFY ("APELLIDO" NOT NULL ENABLE);
  ALTER TABLE "BIKES"."USUARIO" MODIFY ("NOMBRE" NOT NULL ENABLE);
  ALTER TABLE "BIKES"."USUARIO" MODIFY ("RUT" NOT NULL ENABLE);
  ALTER TABLE "BIKES"."USUARIO" MODIFY ("ID_USUARIO" NOT NULL ENABLE);
--------------------------------------------------------
--  Ref Constraints for Table ARRIENDO
--------------------------------------------------------

  ALTER TABLE "BIKES"."ARRIENDO" ADD CONSTRAINT "ARRIENDO_BICICLETA_FK" FOREIGN KEY ("BICICLETA_ID_BICICLETA")
	  REFERENCES "BIKES"."BICICLETA" ("ID_BICICLETA") ENABLE;
  ALTER TABLE "BIKES"."ARRIENDO" ADD CONSTRAINT "ARRIENDO_PAGO_FK" FOREIGN KEY ("PAGO_ID_FORMAPAGO")
	  REFERENCES "BIKES"."PAGO" ("ID_FORMAPAGO") ENABLE;
  ALTER TABLE "BIKES"."ARRIENDO" ADD CONSTRAINT "ARRIENDO_USUARIO_FK" FOREIGN KEY ("USUARIO_ID_USUARIO")
	  REFERENCES "BIKES"."USUARIO" ("ID_USUARIO") ENABLE;
--------------------------------------------------------
--  Ref Constraints for Table BICICLETA
--------------------------------------------------------

  ALTER TABLE "BIKES"."BICICLETA" ADD CONSTRAINT "BICICLETA_TIPOBICICLETA_FK" FOREIGN KEY ("TIPOBICICLETA_ID_TIPOBICICLETA")
	  REFERENCES "BIKES"."TIPOBICICLETA" ("ID_TIPOBICICLETA") ENABLE;
--------------------------------------------------------
--  Ref Constraints for Table COMUNA
--------------------------------------------------------

  ALTER TABLE "BIKES"."COMUNA" ADD CONSTRAINT "COMUNA_CIUDAD_FK" FOREIGN KEY ("CIUDAD_ID_CIUDAD")
	  REFERENCES "BIKES"."CIUDAD" ("ID_CIUDAD") ENABLE;
--------------------------------------------------------
--  Ref Constraints for Table DESPACHO
--------------------------------------------------------

  ALTER TABLE "BIKES"."DESPACHO" ADD CONSTRAINT "DESPACHO_ESTADODESPACHO_FK" FOREIGN KEY ("ID_ESTADODESPACHO")
	  REFERENCES "BIKES"."ESTADODESPACHO" ("ID_ESTADODESPACHO") ENABLE;
  ALTER TABLE "BIKES"."DESPACHO" ADD CONSTRAINT "DESPACHO_TIPODESPACHO_FK" FOREIGN KEY ("TIPODESPACHO_ID_TIPODESPACHO")
	  REFERENCES "BIKES"."TIPODESPACHO" ("ID_TIPODESPACHO") ENABLE;
  ALTER TABLE "BIKES"."DESPACHO" ADD CONSTRAINT "DESPACHO_USUARIO_FK" FOREIGN KEY ("USUARIO_ID_USUARIO")
	  REFERENCES "BIKES"."USUARIO" ("ID_USUARIO") ENABLE;
--------------------------------------------------------
--  Ref Constraints for Table HISTORIALMANTENCIONES
--------------------------------------------------------

  ALTER TABLE "BIKES"."HISTORIALMANTENCIONES" ADD CONSTRAINT "HMANTENCIONES_REPARACION_FK" FOREIGN KEY ("REPARACION_ID_REPARACION")
	  REFERENCES "BIKES"."REPARACION" ("ID_REPARACION") ENABLE;
--------------------------------------------------------
--  Ref Constraints for Table PROVEEDOR
--------------------------------------------------------

  ALTER TABLE "BIKES"."PROVEEDOR" ADD CONSTRAINT "PROVEEDOR_USUARIO_FK" FOREIGN KEY ("USUARIO_ID_USUARIO")
	  REFERENCES "BIKES"."USUARIO" ("ID_USUARIO") ENABLE;
--------------------------------------------------------
--  Ref Constraints for Table REPARACION
--------------------------------------------------------

  ALTER TABLE "BIKES"."REPARACION" ADD CONSTRAINT "REPARACION_ESTADOREPARACION_FK" FOREIGN KEY ("ID_ESTADOREPARACION")
	  REFERENCES "BIKES"."ESTADOREPARACION" ("ID_ESTADOREPARACION") ENABLE;
  ALTER TABLE "BIKES"."REPARACION" ADD CONSTRAINT "REPARACION_USUARIO_FK" FOREIGN KEY ("USUARIO_ID_USUARIO")
	  REFERENCES "BIKES"."USUARIO" ("ID_USUARIO") ENABLE;
--------------------------------------------------------
--  Ref Constraints for Table USUARIO
--------------------------------------------------------

  ALTER TABLE "BIKES"."USUARIO" ADD CONSTRAINT "USUARIO_COMUNA_FK" FOREIGN KEY ("COMUNA_ID_COMUNA")
	  REFERENCES "BIKES"."COMUNA" ("ID_COMUNA") ENABLE;
  ALTER TABLE "BIKES"."USUARIO" ADD CONSTRAINT "USUARIO_TIPOUSUARIO_FK" FOREIGN KEY ("TIPOUSUARIO_ID_TIPOUSUARIO")
	  REFERENCES "BIKES"."TIPOUSUARIO" ("ID_TIPOUSUARIO") ENABLE;
