--------------------------------------------------------
-- Archivo creado  - sábado-junio-30-2018   
--------------------------------------------------------
--------------------------------------------------------
--  DDL for Table ARRIENDO
--------------------------------------------------------

  CREATE TABLE "MASTERBIKES2"."ARRIENDO" 
   (	"ID_ARRIENDO" NUMBER(*,0), 
	"FECHAINICIO" DATE, 
	"FECHAFIN" DATE, 
	"DEPOSITOGARANTIA" NUMBER(*,0), 
	"ID_USUARIO" NUMBER(*,0), 
	"ID_BICICLETA" NUMBER(*,0), 
	"ID_FORMAPAGO" NUMBER(*,0)
   ) SEGMENT CREATION IMMEDIATE 
  PCTFREE 10 PCTUSED 40 INITRANS 1 MAXTRANS 255 NOCOMPRESS LOGGING
  STORAGE(INITIAL 65536 NEXT 1048576 MINEXTENTS 1 MAXEXTENTS 2147483645
  PCTINCREASE 0 FREELISTS 1 FREELIST GROUPS 1 BUFFER_POOL DEFAULT FLASH_CACHE DEFAULT CELL_FLASH_CACHE DEFAULT)
  TABLESPACE "USERS" ;
--------------------------------------------------------
--  DDL for Table BICICLETA
--------------------------------------------------------

  CREATE TABLE "MASTERBIKES2"."BICICLETA" 
   (	"ID_BICICLETA" NUMBER(*,0), 
	"ID_TIPOBICICLETA" NUMBER(*,0), 
	"ID_MARCA" NUMBER(*,0), 
	"ID_MODELO" NUMBER(*,0), 
	"PRECIO" NUMBER(*,0), 
	"ENPROMOCION" NUMBER(1,0), 
	"IMAGEN" VARCHAR2(100 BYTE)
   ) SEGMENT CREATION IMMEDIATE 
  PCTFREE 10 PCTUSED 40 INITRANS 1 MAXTRANS 255 NOCOMPRESS LOGGING
  STORAGE(INITIAL 65536 NEXT 1048576 MINEXTENTS 1 MAXEXTENTS 2147483645
  PCTINCREASE 0 FREELISTS 1 FREELIST GROUPS 1 BUFFER_POOL DEFAULT FLASH_CACHE DEFAULT CELL_FLASH_CACHE DEFAULT)
  TABLESPACE "USERS" ;
--------------------------------------------------------
--  DDL for Table CIUDAD
--------------------------------------------------------

  CREATE TABLE "MASTERBIKES2"."CIUDAD" 
   (	"ID_CIUDAD" NUMBER(*,0), 
	"NOMBRE" VARCHAR2(50 BYTE)
   ) SEGMENT CREATION IMMEDIATE 
  PCTFREE 10 PCTUSED 40 INITRANS 1 MAXTRANS 255 NOCOMPRESS LOGGING
  STORAGE(INITIAL 65536 NEXT 1048576 MINEXTENTS 1 MAXEXTENTS 2147483645
  PCTINCREASE 0 FREELISTS 1 FREELIST GROUPS 1 BUFFER_POOL DEFAULT FLASH_CACHE DEFAULT CELL_FLASH_CACHE DEFAULT)
  TABLESPACE "USERS" ;
--------------------------------------------------------
--  DDL for Table COMUNA
--------------------------------------------------------

  CREATE TABLE "MASTERBIKES2"."COMUNA" 
   (	"ID_COMUNA" NUMBER(*,0), 
	"NOMBRE" VARCHAR2(50 BYTE), 
	"ID_CIUDAD" NUMBER(*,0)
   ) SEGMENT CREATION IMMEDIATE 
  PCTFREE 10 PCTUSED 40 INITRANS 1 MAXTRANS 255 NOCOMPRESS LOGGING
  STORAGE(INITIAL 65536 NEXT 1048576 MINEXTENTS 1 MAXEXTENTS 2147483645
  PCTINCREASE 0 FREELISTS 1 FREELIST GROUPS 1 BUFFER_POOL DEFAULT FLASH_CACHE DEFAULT CELL_FLASH_CACHE DEFAULT)
  TABLESPACE "USERS" ;
--------------------------------------------------------
--  DDL for Table DESPACHO
--------------------------------------------------------

  CREATE TABLE "MASTERBIKES2"."DESPACHO" 
   (	"ID_DESPACHO" NUMBER(*,0), 
	"DIRECCION" VARCHAR2(100 BYTE), 
	"FECHAENTREGA" DATE, 
	"ID_TIPODESPACHO" NUMBER(*,0), 
	"ID_ESTADODESPACHO" NUMBER(*,0), 
	"ID_USUARIO" NUMBER(*,0)
   ) SEGMENT CREATION IMMEDIATE 
  PCTFREE 10 PCTUSED 40 INITRANS 1 MAXTRANS 255 NOCOMPRESS LOGGING
  STORAGE(INITIAL 65536 NEXT 1048576 MINEXTENTS 1 MAXEXTENTS 2147483645
  PCTINCREASE 0 FREELISTS 1 FREELIST GROUPS 1 BUFFER_POOL DEFAULT FLASH_CACHE DEFAULT CELL_FLASH_CACHE DEFAULT)
  TABLESPACE "USERS" ;
--------------------------------------------------------
--  DDL for Table ESTADODESPACHO
--------------------------------------------------------

  CREATE TABLE "MASTERBIKES2"."ESTADODESPACHO" 
   (	"ID_ESTADODESPACHO" NUMBER(*,0), 
	"DESCRIPCION" VARCHAR2(100 BYTE)
   ) SEGMENT CREATION IMMEDIATE 
  PCTFREE 10 PCTUSED 40 INITRANS 1 MAXTRANS 255 NOCOMPRESS LOGGING
  STORAGE(INITIAL 65536 NEXT 1048576 MINEXTENTS 1 MAXEXTENTS 2147483645
  PCTINCREASE 0 FREELISTS 1 FREELIST GROUPS 1 BUFFER_POOL DEFAULT FLASH_CACHE DEFAULT CELL_FLASH_CACHE DEFAULT)
  TABLESPACE "USERS" ;
--------------------------------------------------------
--  DDL for Table ESTADOREPARACION
--------------------------------------------------------

  CREATE TABLE "MASTERBIKES2"."ESTADOREPARACION" 
   (	"ID_ESTADOREPARACION" NUMBER(*,0), 
	"NOMBRE" VARCHAR2(20 BYTE)
   ) SEGMENT CREATION IMMEDIATE 
  PCTFREE 10 PCTUSED 40 INITRANS 1 MAXTRANS 255 NOCOMPRESS LOGGING
  STORAGE(INITIAL 65536 NEXT 1048576 MINEXTENTS 1 MAXEXTENTS 2147483645
  PCTINCREASE 0 FREELISTS 1 FREELIST GROUPS 1 BUFFER_POOL DEFAULT FLASH_CACHE DEFAULT CELL_FLASH_CACHE DEFAULT)
  TABLESPACE "USERS" ;
--------------------------------------------------------
--  DDL for Table MARCA
--------------------------------------------------------

  CREATE TABLE "MASTERBIKES2"."MARCA" 
   (	"ID_MARCA" NUMBER(*,0), 
	"NOMBRE_MARCA" VARCHAR2(50 BYTE)
   ) SEGMENT CREATION IMMEDIATE 
  PCTFREE 10 PCTUSED 40 INITRANS 1 MAXTRANS 255 NOCOMPRESS LOGGING
  STORAGE(INITIAL 65536 NEXT 1048576 MINEXTENTS 1 MAXEXTENTS 2147483645
  PCTINCREASE 0 FREELISTS 1 FREELIST GROUPS 1 BUFFER_POOL DEFAULT FLASH_CACHE DEFAULT CELL_FLASH_CACHE DEFAULT)
  TABLESPACE "USERS" ;
--------------------------------------------------------
--  DDL for Table MODELO
--------------------------------------------------------

  CREATE TABLE "MASTERBIKES2"."MODELO" 
   (	"ID_MODELO" NUMBER(*,0), 
	"NOMBRE" VARCHAR2(50 BYTE)
   ) SEGMENT CREATION IMMEDIATE 
  PCTFREE 10 PCTUSED 40 INITRANS 1 MAXTRANS 255 NOCOMPRESS LOGGING
  STORAGE(INITIAL 65536 NEXT 1048576 MINEXTENTS 1 MAXEXTENTS 2147483645
  PCTINCREASE 0 FREELISTS 1 FREELIST GROUPS 1 BUFFER_POOL DEFAULT FLASH_CACHE DEFAULT CELL_FLASH_CACHE DEFAULT)
  TABLESPACE "USERS" ;
--------------------------------------------------------
--  DDL for Table PAGO
--------------------------------------------------------

  CREATE TABLE "MASTERBIKES2"."PAGO" 
   (	"ID_FORMAPAGO" NUMBER(*,0), 
	"NOMBRE" VARCHAR2(20 BYTE)
   ) SEGMENT CREATION IMMEDIATE 
  PCTFREE 10 PCTUSED 40 INITRANS 1 MAXTRANS 255 NOCOMPRESS LOGGING
  STORAGE(INITIAL 65536 NEXT 1048576 MINEXTENTS 1 MAXEXTENTS 2147483645
  PCTINCREASE 0 FREELISTS 1 FREELIST GROUPS 1 BUFFER_POOL DEFAULT FLASH_CACHE DEFAULT CELL_FLASH_CACHE DEFAULT)
  TABLESPACE "USERS" ;
--------------------------------------------------------
--  DDL for Table PROVEEDOR
--------------------------------------------------------

  CREATE TABLE "MASTERBIKES2"."PROVEEDOR" 
   (	"ID_PROVEEDOR" NUMBER(*,0), 
	"NOMBRE" VARCHAR2(20 BYTE), 
	"ID_USUARIO" NUMBER(*,0)
   ) SEGMENT CREATION IMMEDIATE 
  PCTFREE 10 PCTUSED 40 INITRANS 1 MAXTRANS 255 NOCOMPRESS LOGGING
  STORAGE(INITIAL 65536 NEXT 1048576 MINEXTENTS 1 MAXEXTENTS 2147483645
  PCTINCREASE 0 FREELISTS 1 FREELIST GROUPS 1 BUFFER_POOL DEFAULT FLASH_CACHE DEFAULT CELL_FLASH_CACHE DEFAULT)
  TABLESPACE "USERS" ;
--------------------------------------------------------
--  DDL for Table REPARACION
--------------------------------------------------------

  CREATE TABLE "MASTERBIKES2"."REPARACION" 
   (	"ID_REPARACION" NUMBER(*,0), 
	"DESCRIPCION" VARCHAR2(100 BYTE), 
	"FECHA" DATE, 
	"ID_USUARIO" NUMBER(*,0), 
	"ID_ESTADOREPARACION" NUMBER(*,0)
   ) SEGMENT CREATION IMMEDIATE 
  PCTFREE 10 PCTUSED 40 INITRANS 1 MAXTRANS 255 NOCOMPRESS LOGGING
  STORAGE(INITIAL 65536 NEXT 1048576 MINEXTENTS 1 MAXEXTENTS 2147483645
  PCTINCREASE 0 FREELISTS 1 FREELIST GROUPS 1 BUFFER_POOL DEFAULT FLASH_CACHE DEFAULT CELL_FLASH_CACHE DEFAULT)
  TABLESPACE "USERS" ;
--------------------------------------------------------
--  DDL for Table SEXO
--------------------------------------------------------

  CREATE TABLE "MASTERBIKES2"."SEXO" 
   (	"ID_SEXO" NUMBER(*,0), 
	"NOMBRE" VARCHAR2(20 BYTE)
   ) SEGMENT CREATION IMMEDIATE 
  PCTFREE 10 PCTUSED 40 INITRANS 1 MAXTRANS 255 NOCOMPRESS LOGGING
  STORAGE(INITIAL 65536 NEXT 1048576 MINEXTENTS 1 MAXEXTENTS 2147483645
  PCTINCREASE 0 FREELISTS 1 FREELIST GROUPS 1 BUFFER_POOL DEFAULT FLASH_CACHE DEFAULT CELL_FLASH_CACHE DEFAULT)
  TABLESPACE "USERS" ;
--------------------------------------------------------
--  DDL for Table TIPOBICICLETA
--------------------------------------------------------

  CREATE TABLE "MASTERBIKES2"."TIPOBICICLETA" 
   (	"ID_TIPOBICICLETA" NUMBER(*,0), 
	"NOMBRE" VARCHAR2(20 BYTE), 
	"DESCRIPCION" VARCHAR2(100 BYTE)
   ) SEGMENT CREATION IMMEDIATE 
  PCTFREE 10 PCTUSED 40 INITRANS 1 MAXTRANS 255 NOCOMPRESS LOGGING
  STORAGE(INITIAL 65536 NEXT 1048576 MINEXTENTS 1 MAXEXTENTS 2147483645
  PCTINCREASE 0 FREELISTS 1 FREELIST GROUPS 1 BUFFER_POOL DEFAULT FLASH_CACHE DEFAULT CELL_FLASH_CACHE DEFAULT)
  TABLESPACE "USERS" ;
--------------------------------------------------------
--  DDL for Table TIPODESPACHO
--------------------------------------------------------

  CREATE TABLE "MASTERBIKES2"."TIPODESPACHO" 
   (	"ID_TIPODESPACHO" NUMBER(*,0), 
	"NOMBRE" VARCHAR2(20 BYTE)
   ) SEGMENT CREATION IMMEDIATE 
  PCTFREE 10 PCTUSED 40 INITRANS 1 MAXTRANS 255 NOCOMPRESS LOGGING
  STORAGE(INITIAL 65536 NEXT 1048576 MINEXTENTS 1 MAXEXTENTS 2147483645
  PCTINCREASE 0 FREELISTS 1 FREELIST GROUPS 1 BUFFER_POOL DEFAULT FLASH_CACHE DEFAULT CELL_FLASH_CACHE DEFAULT)
  TABLESPACE "USERS" ;
--------------------------------------------------------
--  DDL for Table TIPOUSUARIO
--------------------------------------------------------

  CREATE TABLE "MASTERBIKES2"."TIPOUSUARIO" 
   (	"ID_TIPOUSUARIO" NUMBER(*,0), 
	"NOMBRE" VARCHAR2(50 BYTE), 
	"DESCRIPCION" VARCHAR2(100 BYTE)
   ) SEGMENT CREATION IMMEDIATE 
  PCTFREE 10 PCTUSED 40 INITRANS 1 MAXTRANS 255 NOCOMPRESS LOGGING
  STORAGE(INITIAL 65536 NEXT 1048576 MINEXTENTS 1 MAXEXTENTS 2147483645
  PCTINCREASE 0 FREELISTS 1 FREELIST GROUPS 1 BUFFER_POOL DEFAULT FLASH_CACHE DEFAULT CELL_FLASH_CACHE DEFAULT)
  TABLESPACE "USERS" ;
--------------------------------------------------------
--  DDL for Table USUARIO
--------------------------------------------------------

  CREATE TABLE "MASTERBIKES2"."USUARIO" 
   (	"ID_USUARIO" NUMBER(*,0), 
	"RUT" VARCHAR2(20 BYTE), 
	"NOMBRE" VARCHAR2(20 BYTE), 
	"APELLIDO" VARCHAR2(20 BYTE), 
	"EMAIL" VARCHAR2(50 BYTE), 
	"EDAD" NUMBER(*,0), 
	"DIRECCION" VARCHAR2(100 BYTE), 
	"USERNAME" VARCHAR2(20 BYTE), 
	"PASSWORD" VARCHAR2(20 BYTE), 
	"ID_COMUNA" NUMBER(*,0), 
	"ID_TIPOUSUARIO" NUMBER(*,0), 
	"ID_SEXO" NUMBER(*,0)
   ) SEGMENT CREATION IMMEDIATE 
  PCTFREE 10 PCTUSED 40 INITRANS 1 MAXTRANS 255 NOCOMPRESS LOGGING
  STORAGE(INITIAL 65536 NEXT 1048576 MINEXTENTS 1 MAXEXTENTS 2147483645
  PCTINCREASE 0 FREELISTS 1 FREELIST GROUPS 1 BUFFER_POOL DEFAULT FLASH_CACHE DEFAULT CELL_FLASH_CACHE DEFAULT)
  TABLESPACE "USERS" ;
REM INSERTING into MASTERBIKES2.ARRIENDO
SET DEFINE OFF;
REM INSERTING into MASTERBIKES2.BICICLETA
SET DEFINE OFF;
Insert into MASTERBIKES2.BICICLETA (ID_BICICLETA,ID_TIPOBICICLETA,ID_MARCA,ID_MODELO,PRECIO,ENPROMOCION,IMAGEN) values ('1','1','1','1','300000','1','Bicicleta01.jpg');
Insert into MASTERBIKES2.BICICLETA (ID_BICICLETA,ID_TIPOBICICLETA,ID_MARCA,ID_MODELO,PRECIO,ENPROMOCION,IMAGEN) values ('2','1','1','2','400000','1','Bicicleta02.jpg');
Insert into MASTERBIKES2.BICICLETA (ID_BICICLETA,ID_TIPOBICICLETA,ID_MARCA,ID_MODELO,PRECIO,ENPROMOCION,IMAGEN) values ('3','1','1','3','25000','1','Bicicleta03.jpg');
Insert into MASTERBIKES2.BICICLETA (ID_BICICLETA,ID_TIPOBICICLETA,ID_MARCA,ID_MODELO,PRECIO,ENPROMOCION,IMAGEN) values ('4','1','1','4','100000','1','Bicicleta04.jpg');
Insert into MASTERBIKES2.BICICLETA (ID_BICICLETA,ID_TIPOBICICLETA,ID_MARCA,ID_MODELO,PRECIO,ENPROMOCION,IMAGEN) values ('5','1','1','5','50000','1','Bicicleta05.jpg');
Insert into MASTERBIKES2.BICICLETA (ID_BICICLETA,ID_TIPOBICICLETA,ID_MARCA,ID_MODELO,PRECIO,ENPROMOCION,IMAGEN) values ('6','1','1','4','10000','1','Bicicleta04.jpg');
Insert into MASTERBIKES2.BICICLETA (ID_BICICLETA,ID_TIPOBICICLETA,ID_MARCA,ID_MODELO,PRECIO,ENPROMOCION,IMAGEN) values ('7','1','1','5','27000','1','Bicicleta03.jpg');
REM INSERTING into MASTERBIKES2.CIUDAD
SET DEFINE OFF;
Insert into MASTERBIKES2.CIUDAD (ID_CIUDAD,NOMBRE) values ('14','Region de Los Rios');
Insert into MASTERBIKES2.CIUDAD (ID_CIUDAD,NOMBRE) values ('13','Region Metropolitana');
Insert into MASTERBIKES2.CIUDAD (ID_CIUDAD,NOMBRE) values ('12','Region de Magallanes y la Antartica Chilena');
Insert into MASTERBIKES2.CIUDAD (ID_CIUDAD,NOMBRE) values ('11','Region de Aysen');
Insert into MASTERBIKES2.CIUDAD (ID_CIUDAD,NOMBRE) values ('10','Region de Los Lagos');
Insert into MASTERBIKES2.CIUDAD (ID_CIUDAD,NOMBRE) values ('9','Region de la Araucana');
Insert into MASTERBIKES2.CIUDAD (ID_CIUDAD,NOMBRE) values ('8','Region del Bio-Bio');
Insert into MASTERBIKES2.CIUDAD (ID_CIUDAD,NOMBRE) values ('7','Region del Maule');
Insert into MASTERBIKES2.CIUDAD (ID_CIUDAD,NOMBRE) values ('6','Region del Libertador General Bernardo O Higgins');
Insert into MASTERBIKES2.CIUDAD (ID_CIUDAD,NOMBRE) values ('5','Region de Valparaiso');
Insert into MASTERBIKES2.CIUDAD (ID_CIUDAD,NOMBRE) values ('4','Region de Coquimbo');
Insert into MASTERBIKES2.CIUDAD (ID_CIUDAD,NOMBRE) values ('3','Region de Atacama');
Insert into MASTERBIKES2.CIUDAD (ID_CIUDAD,NOMBRE) values ('2','Region de Antofagasta');
Insert into MASTERBIKES2.CIUDAD (ID_CIUDAD,NOMBRE) values ('1','Region de Tarapaca');
Insert into MASTERBIKES2.CIUDAD (ID_CIUDAD,NOMBRE) values ('15','Region de Arica y Parinacota');
REM INSERTING into MASTERBIKES2.COMUNA
SET DEFINE OFF;
Insert into MASTERBIKES2.COMUNA (ID_COMUNA,NOMBRE,ID_CIUDAD) values ('1','Arica','15');
Insert into MASTERBIKES2.COMUNA (ID_COMUNA,NOMBRE,ID_CIUDAD) values ('2','Camarones','15');
Insert into MASTERBIKES2.COMUNA (ID_COMUNA,NOMBRE,ID_CIUDAD) values ('3','Putre','15');
Insert into MASTERBIKES2.COMUNA (ID_COMUNA,NOMBRE,ID_CIUDAD) values ('4','General Lagos','15');
Insert into MASTERBIKES2.COMUNA (ID_COMUNA,NOMBRE,ID_CIUDAD) values ('5','Iquique','1');
Insert into MASTERBIKES2.COMUNA (ID_COMUNA,NOMBRE,ID_CIUDAD) values ('6','Alto Hospicio','1');
Insert into MASTERBIKES2.COMUNA (ID_COMUNA,NOMBRE,ID_CIUDAD) values ('7','Pozo Almonte','1');
Insert into MASTERBIKES2.COMUNA (ID_COMUNA,NOMBRE,ID_CIUDAD) values ('8','Camiña','1');
Insert into MASTERBIKES2.COMUNA (ID_COMUNA,NOMBRE,ID_CIUDAD) values ('9','Colchane','1');
Insert into MASTERBIKES2.COMUNA (ID_COMUNA,NOMBRE,ID_CIUDAD) values ('10','Huara','1');
Insert into MASTERBIKES2.COMUNA (ID_COMUNA,NOMBRE,ID_CIUDAD) values ('11','Pica','1');
Insert into MASTERBIKES2.COMUNA (ID_COMUNA,NOMBRE,ID_CIUDAD) values ('12','Antofagasta','2');
Insert into MASTERBIKES2.COMUNA (ID_COMUNA,NOMBRE,ID_CIUDAD) values ('13','Mejillones','2');
Insert into MASTERBIKES2.COMUNA (ID_COMUNA,NOMBRE,ID_CIUDAD) values ('14','Sierra Gorda','2');
Insert into MASTERBIKES2.COMUNA (ID_COMUNA,NOMBRE,ID_CIUDAD) values ('15','Taltal','2');
Insert into MASTERBIKES2.COMUNA (ID_COMUNA,NOMBRE,ID_CIUDAD) values ('16','Calama','2');
Insert into MASTERBIKES2.COMUNA (ID_COMUNA,NOMBRE,ID_CIUDAD) values ('17','Ollague','2');
Insert into MASTERBIKES2.COMUNA (ID_COMUNA,NOMBRE,ID_CIUDAD) values ('18','San Pedro de Atacama','2');
Insert into MASTERBIKES2.COMUNA (ID_COMUNA,NOMBRE,ID_CIUDAD) values ('19','Tocopilla','2');
Insert into MASTERBIKES2.COMUNA (ID_COMUNA,NOMBRE,ID_CIUDAD) values ('20','María Elena','2');
Insert into MASTERBIKES2.COMUNA (ID_COMUNA,NOMBRE,ID_CIUDAD) values ('21','Copiapo','3');
Insert into MASTERBIKES2.COMUNA (ID_COMUNA,NOMBRE,ID_CIUDAD) values ('22','Caldera','3');
Insert into MASTERBIKES2.COMUNA (ID_COMUNA,NOMBRE,ID_CIUDAD) values ('23','Tierra Amarilla','3');
Insert into MASTERBIKES2.COMUNA (ID_COMUNA,NOMBRE,ID_CIUDAD) values ('24','Chañaral','3');
Insert into MASTERBIKES2.COMUNA (ID_COMUNA,NOMBRE,ID_CIUDAD) values ('25','Diego de Almagro','3');
Insert into MASTERBIKES2.COMUNA (ID_COMUNA,NOMBRE,ID_CIUDAD) values ('26','Vallenar','3');
Insert into MASTERBIKES2.COMUNA (ID_COMUNA,NOMBRE,ID_CIUDAD) values ('27','Alto del Carmen','3');
Insert into MASTERBIKES2.COMUNA (ID_COMUNA,NOMBRE,ID_CIUDAD) values ('28','Freirina','3');
Insert into MASTERBIKES2.COMUNA (ID_COMUNA,NOMBRE,ID_CIUDAD) values ('29','Huasco','3');
Insert into MASTERBIKES2.COMUNA (ID_COMUNA,NOMBRE,ID_CIUDAD) values ('30','La Serena','4');
Insert into MASTERBIKES2.COMUNA (ID_COMUNA,NOMBRE,ID_CIUDAD) values ('31','Coquimbo','4');
Insert into MASTERBIKES2.COMUNA (ID_COMUNA,NOMBRE,ID_CIUDAD) values ('32','Andacollo','4');
Insert into MASTERBIKES2.COMUNA (ID_COMUNA,NOMBRE,ID_CIUDAD) values ('33','La Higuera','4');
Insert into MASTERBIKES2.COMUNA (ID_COMUNA,NOMBRE,ID_CIUDAD) values ('34','Paiguano','4');
Insert into MASTERBIKES2.COMUNA (ID_COMUNA,NOMBRE,ID_CIUDAD) values ('35','Vicuña','4');
Insert into MASTERBIKES2.COMUNA (ID_COMUNA,NOMBRE,ID_CIUDAD) values ('36','Illapel','4');
Insert into MASTERBIKES2.COMUNA (ID_COMUNA,NOMBRE,ID_CIUDAD) values ('37','Canela','4');
Insert into MASTERBIKES2.COMUNA (ID_COMUNA,NOMBRE,ID_CIUDAD) values ('38','Los Vilos','4');
Insert into MASTERBIKES2.COMUNA (ID_COMUNA,NOMBRE,ID_CIUDAD) values ('39','Salamanca','4');
Insert into MASTERBIKES2.COMUNA (ID_COMUNA,NOMBRE,ID_CIUDAD) values ('40','Ovalle','4');
Insert into MASTERBIKES2.COMUNA (ID_COMUNA,NOMBRE,ID_CIUDAD) values ('41','Combarbala','4');
Insert into MASTERBIKES2.COMUNA (ID_COMUNA,NOMBRE,ID_CIUDAD) values ('42','Monte Patria','4');
Insert into MASTERBIKES2.COMUNA (ID_COMUNA,NOMBRE,ID_CIUDAD) values ('43','Punitaqui','4');
Insert into MASTERBIKES2.COMUNA (ID_COMUNA,NOMBRE,ID_CIUDAD) values ('44','Rio Hurtado','4');
Insert into MASTERBIKES2.COMUNA (ID_COMUNA,NOMBRE,ID_CIUDAD) values ('45','Valparaiso','5');
Insert into MASTERBIKES2.COMUNA (ID_COMUNA,NOMBRE,ID_CIUDAD) values ('46','Casablanca','5');
Insert into MASTERBIKES2.COMUNA (ID_COMUNA,NOMBRE,ID_CIUDAD) values ('47','Concon','5');
Insert into MASTERBIKES2.COMUNA (ID_COMUNA,NOMBRE,ID_CIUDAD) values ('48','Juan Fernandez','5');
Insert into MASTERBIKES2.COMUNA (ID_COMUNA,NOMBRE,ID_CIUDAD) values ('49','Puchuncavi','5');
Insert into MASTERBIKES2.COMUNA (ID_COMUNA,NOMBRE,ID_CIUDAD) values ('50','Quintero','5');
Insert into MASTERBIKES2.COMUNA (ID_COMUNA,NOMBRE,ID_CIUDAD) values ('51','Viña del Mar','5');
Insert into MASTERBIKES2.COMUNA (ID_COMUNA,NOMBRE,ID_CIUDAD) values ('52','Isla de Pascua','5');
Insert into MASTERBIKES2.COMUNA (ID_COMUNA,NOMBRE,ID_CIUDAD) values ('53','Los Andes','5');
Insert into MASTERBIKES2.COMUNA (ID_COMUNA,NOMBRE,ID_CIUDAD) values ('54','Calle Larga','5');
Insert into MASTERBIKES2.COMUNA (ID_COMUNA,NOMBRE,ID_CIUDAD) values ('55','Rinconada','5');
Insert into MASTERBIKES2.COMUNA (ID_COMUNA,NOMBRE,ID_CIUDAD) values ('56','San Esteban','5');
Insert into MASTERBIKES2.COMUNA (ID_COMUNA,NOMBRE,ID_CIUDAD) values ('57','La Ligua','5');
Insert into MASTERBIKES2.COMUNA (ID_COMUNA,NOMBRE,ID_CIUDAD) values ('58','Cabildo','5');
Insert into MASTERBIKES2.COMUNA (ID_COMUNA,NOMBRE,ID_CIUDAD) values ('59','Papudo','5');
Insert into MASTERBIKES2.COMUNA (ID_COMUNA,NOMBRE,ID_CIUDAD) values ('60','Petorca','5');
Insert into MASTERBIKES2.COMUNA (ID_COMUNA,NOMBRE,ID_CIUDAD) values ('61','Zapallar','5');
Insert into MASTERBIKES2.COMUNA (ID_COMUNA,NOMBRE,ID_CIUDAD) values ('62','Quillota','5');
Insert into MASTERBIKES2.COMUNA (ID_COMUNA,NOMBRE,ID_CIUDAD) values ('63','Calera','5');
Insert into MASTERBIKES2.COMUNA (ID_COMUNA,NOMBRE,ID_CIUDAD) values ('64','Hijuelas','5');
Insert into MASTERBIKES2.COMUNA (ID_COMUNA,NOMBRE,ID_CIUDAD) values ('65','La Cruz','5');
Insert into MASTERBIKES2.COMUNA (ID_COMUNA,NOMBRE,ID_CIUDAD) values ('66','Nogales','5');
Insert into MASTERBIKES2.COMUNA (ID_COMUNA,NOMBRE,ID_CIUDAD) values ('67','San Antonio','5');
Insert into MASTERBIKES2.COMUNA (ID_COMUNA,NOMBRE,ID_CIUDAD) values ('68','Algarrobo','5');
Insert into MASTERBIKES2.COMUNA (ID_COMUNA,NOMBRE,ID_CIUDAD) values ('69','Cartagena','5');
Insert into MASTERBIKES2.COMUNA (ID_COMUNA,NOMBRE,ID_CIUDAD) values ('70','El Quisco','5');
Insert into MASTERBIKES2.COMUNA (ID_COMUNA,NOMBRE,ID_CIUDAD) values ('71','El Tabo','5');
Insert into MASTERBIKES2.COMUNA (ID_COMUNA,NOMBRE,ID_CIUDAD) values ('72','Santo Domingo','5');
Insert into MASTERBIKES2.COMUNA (ID_COMUNA,NOMBRE,ID_CIUDAD) values ('73','San Felipe','5');
Insert into MASTERBIKES2.COMUNA (ID_COMUNA,NOMBRE,ID_CIUDAD) values ('74','Catemu','5');
Insert into MASTERBIKES2.COMUNA (ID_COMUNA,NOMBRE,ID_CIUDAD) values ('75','Llay-Llay','5');
Insert into MASTERBIKES2.COMUNA (ID_COMUNA,NOMBRE,ID_CIUDAD) values ('76','Panquehue','5');
Insert into MASTERBIKES2.COMUNA (ID_COMUNA,NOMBRE,ID_CIUDAD) values ('77','Putaendo','5');
Insert into MASTERBIKES2.COMUNA (ID_COMUNA,NOMBRE,ID_CIUDAD) values ('78','Santa Maria','5');
Insert into MASTERBIKES2.COMUNA (ID_COMUNA,NOMBRE,ID_CIUDAD) values ('79','Quilpue','5');
Insert into MASTERBIKES2.COMUNA (ID_COMUNA,NOMBRE,ID_CIUDAD) values ('80','Limache','5');
Insert into MASTERBIKES2.COMUNA (ID_COMUNA,NOMBRE,ID_CIUDAD) values ('81','Olmue','5');
Insert into MASTERBIKES2.COMUNA (ID_COMUNA,NOMBRE,ID_CIUDAD) values ('82','Villa Alemana','5');
Insert into MASTERBIKES2.COMUNA (ID_COMUNA,NOMBRE,ID_CIUDAD) values ('83','Rancagua','6');
Insert into MASTERBIKES2.COMUNA (ID_COMUNA,NOMBRE,ID_CIUDAD) values ('84','Codegua','6');
Insert into MASTERBIKES2.COMUNA (ID_COMUNA,NOMBRE,ID_CIUDAD) values ('85','Coico','6');
Insert into MASTERBIKES2.COMUNA (ID_COMUNA,NOMBRE,ID_CIUDAD) values ('86','Coltauco','6');
Insert into MASTERBIKES2.COMUNA (ID_COMUNA,NOMBRE,ID_CIUDAD) values ('87','Doñihue','6');
Insert into MASTERBIKES2.COMUNA (ID_COMUNA,NOMBRE,ID_CIUDAD) values ('88','Graneros','6');
Insert into MASTERBIKES2.COMUNA (ID_COMUNA,NOMBRE,ID_CIUDAD) values ('89','Las Cabras','6');
Insert into MASTERBIKES2.COMUNA (ID_COMUNA,NOMBRE,ID_CIUDAD) values ('90','Machali','6');
Insert into MASTERBIKES2.COMUNA (ID_COMUNA,NOMBRE,ID_CIUDAD) values ('91','Malloa','6');
Insert into MASTERBIKES2.COMUNA (ID_COMUNA,NOMBRE,ID_CIUDAD) values ('92','Mostazal','6');
Insert into MASTERBIKES2.COMUNA (ID_COMUNA,NOMBRE,ID_CIUDAD) values ('93','Olivar','6');
Insert into MASTERBIKES2.COMUNA (ID_COMUNA,NOMBRE,ID_CIUDAD) values ('94','Peumo','6');
Insert into MASTERBIKES2.COMUNA (ID_COMUNA,NOMBRE,ID_CIUDAD) values ('95','Pichigua','6');
Insert into MASTERBIKES2.COMUNA (ID_COMUNA,NOMBRE,ID_CIUDAD) values ('96','Quinta de Tilcoco','6');
Insert into MASTERBIKES2.COMUNA (ID_COMUNA,NOMBRE,ID_CIUDAD) values ('97','Rengo','6');
Insert into MASTERBIKES2.COMUNA (ID_COMUNA,NOMBRE,ID_CIUDAD) values ('98','Requinoa','6');
Insert into MASTERBIKES2.COMUNA (ID_COMUNA,NOMBRE,ID_CIUDAD) values ('99','San Vicente','6');
Insert into MASTERBIKES2.COMUNA (ID_COMUNA,NOMBRE,ID_CIUDAD) values ('100','Pichilemu','6');
Insert into MASTERBIKES2.COMUNA (ID_COMUNA,NOMBRE,ID_CIUDAD) values ('101','La Estrella','6');
Insert into MASTERBIKES2.COMUNA (ID_COMUNA,NOMBRE,ID_CIUDAD) values ('102','Litueche','6');
Insert into MASTERBIKES2.COMUNA (ID_COMUNA,NOMBRE,ID_CIUDAD) values ('103','Marchihue','6');
Insert into MASTERBIKES2.COMUNA (ID_COMUNA,NOMBRE,ID_CIUDAD) values ('104','Navidad','6');
Insert into MASTERBIKES2.COMUNA (ID_COMUNA,NOMBRE,ID_CIUDAD) values ('105','Paredenes','6');
Insert into MASTERBIKES2.COMUNA (ID_COMUNA,NOMBRE,ID_CIUDAD) values ('106','San Fernando','6');
Insert into MASTERBIKES2.COMUNA (ID_COMUNA,NOMBRE,ID_CIUDAD) values ('107','Chepica','6');
Insert into MASTERBIKES2.COMUNA (ID_COMUNA,NOMBRE,ID_CIUDAD) values ('108','Chimbarongo','6');
Insert into MASTERBIKES2.COMUNA (ID_COMUNA,NOMBRE,ID_CIUDAD) values ('109','Lolol','6');
Insert into MASTERBIKES2.COMUNA (ID_COMUNA,NOMBRE,ID_CIUDAD) values ('110','Nancagua','6');
Insert into MASTERBIKES2.COMUNA (ID_COMUNA,NOMBRE,ID_CIUDAD) values ('111','Palmilla','6');
Insert into MASTERBIKES2.COMUNA (ID_COMUNA,NOMBRE,ID_CIUDAD) values ('112','Peralillo','6');
Insert into MASTERBIKES2.COMUNA (ID_COMUNA,NOMBRE,ID_CIUDAD) values ('113','Placilla','6');
Insert into MASTERBIKES2.COMUNA (ID_COMUNA,NOMBRE,ID_CIUDAD) values ('114','Pumanque','6');
Insert into MASTERBIKES2.COMUNA (ID_COMUNA,NOMBRE,ID_CIUDAD) values ('115','Santa Cruz','6');
Insert into MASTERBIKES2.COMUNA (ID_COMUNA,NOMBRE,ID_CIUDAD) values ('116','Talca','7');
Insert into MASTERBIKES2.COMUNA (ID_COMUNA,NOMBRE,ID_CIUDAD) values ('117','Constitucion','7');
Insert into MASTERBIKES2.COMUNA (ID_COMUNA,NOMBRE,ID_CIUDAD) values ('118','Curepto','7');
Insert into MASTERBIKES2.COMUNA (ID_COMUNA,NOMBRE,ID_CIUDAD) values ('119','Empedrado','7');
Insert into MASTERBIKES2.COMUNA (ID_COMUNA,NOMBRE,ID_CIUDAD) values ('120','Maule','7');
Insert into MASTERBIKES2.COMUNA (ID_COMUNA,NOMBRE,ID_CIUDAD) values ('121','Pelarco','7');
Insert into MASTERBIKES2.COMUNA (ID_COMUNA,NOMBRE,ID_CIUDAD) values ('122','Pencahue','7');
Insert into MASTERBIKES2.COMUNA (ID_COMUNA,NOMBRE,ID_CIUDAD) values ('123','Rio Claro','7');
Insert into MASTERBIKES2.COMUNA (ID_COMUNA,NOMBRE,ID_CIUDAD) values ('124','San Clemente','7');
Insert into MASTERBIKES2.COMUNA (ID_COMUNA,NOMBRE,ID_CIUDAD) values ('125','San Rafael','7');
Insert into MASTERBIKES2.COMUNA (ID_COMUNA,NOMBRE,ID_CIUDAD) values ('126','Cauquenes','7');
Insert into MASTERBIKES2.COMUNA (ID_COMUNA,NOMBRE,ID_CIUDAD) values ('127','Chanco','7');
Insert into MASTERBIKES2.COMUNA (ID_COMUNA,NOMBRE,ID_CIUDAD) values ('128','Pelluhue','7');
Insert into MASTERBIKES2.COMUNA (ID_COMUNA,NOMBRE,ID_CIUDAD) values ('129','Curico','7');
Insert into MASTERBIKES2.COMUNA (ID_COMUNA,NOMBRE,ID_CIUDAD) values ('130','Hualañe','7');
Insert into MASTERBIKES2.COMUNA (ID_COMUNA,NOMBRE,ID_CIUDAD) values ('131','Licanten','7');
Insert into MASTERBIKES2.COMUNA (ID_COMUNA,NOMBRE,ID_CIUDAD) values ('132','Molina','7');
Insert into MASTERBIKES2.COMUNA (ID_COMUNA,NOMBRE,ID_CIUDAD) values ('133','Rauco','7');
Insert into MASTERBIKES2.COMUNA (ID_COMUNA,NOMBRE,ID_CIUDAD) values ('134','Romeral','7');
Insert into MASTERBIKES2.COMUNA (ID_COMUNA,NOMBRE,ID_CIUDAD) values ('135','Sagrada Familia','7');
Insert into MASTERBIKES2.COMUNA (ID_COMUNA,NOMBRE,ID_CIUDAD) values ('136','Teno','7');
Insert into MASTERBIKES2.COMUNA (ID_COMUNA,NOMBRE,ID_CIUDAD) values ('137','Vichuquen','7');
Insert into MASTERBIKES2.COMUNA (ID_COMUNA,NOMBRE,ID_CIUDAD) values ('138','Linares','7');
Insert into MASTERBIKES2.COMUNA (ID_COMUNA,NOMBRE,ID_CIUDAD) values ('139','Colbun','7');
Insert into MASTERBIKES2.COMUNA (ID_COMUNA,NOMBRE,ID_CIUDAD) values ('140','Longavi','7');
Insert into MASTERBIKES2.COMUNA (ID_COMUNA,NOMBRE,ID_CIUDAD) values ('141','Parral','7');
Insert into MASTERBIKES2.COMUNA (ID_COMUNA,NOMBRE,ID_CIUDAD) values ('142','Rengo','7');
Insert into MASTERBIKES2.COMUNA (ID_COMUNA,NOMBRE,ID_CIUDAD) values ('143','San Javier','7');
Insert into MASTERBIKES2.COMUNA (ID_COMUNA,NOMBRE,ID_CIUDAD) values ('144','Villa Alegre','7');
Insert into MASTERBIKES2.COMUNA (ID_COMUNA,NOMBRE,ID_CIUDAD) values ('145','Yerbas Buenas','7');
Insert into MASTERBIKES2.COMUNA (ID_COMUNA,NOMBRE,ID_CIUDAD) values ('146','Concepcion','8');
Insert into MASTERBIKES2.COMUNA (ID_COMUNA,NOMBRE,ID_CIUDAD) values ('147','Coronel','8');
Insert into MASTERBIKES2.COMUNA (ID_COMUNA,NOMBRE,ID_CIUDAD) values ('148','Chiguayante','8');
Insert into MASTERBIKES2.COMUNA (ID_COMUNA,NOMBRE,ID_CIUDAD) values ('149','Florida','8');
Insert into MASTERBIKES2.COMUNA (ID_COMUNA,NOMBRE,ID_CIUDAD) values ('150','Hualqui','8');
Insert into MASTERBIKES2.COMUNA (ID_COMUNA,NOMBRE,ID_CIUDAD) values ('151','Lota','8');
Insert into MASTERBIKES2.COMUNA (ID_COMUNA,NOMBRE,ID_CIUDAD) values ('152','Penco','8');
Insert into MASTERBIKES2.COMUNA (ID_COMUNA,NOMBRE,ID_CIUDAD) values ('153','San Pedro de la Paz','8');
Insert into MASTERBIKES2.COMUNA (ID_COMUNA,NOMBRE,ID_CIUDAD) values ('154','Santa Juana','8');
Insert into MASTERBIKES2.COMUNA (ID_COMUNA,NOMBRE,ID_CIUDAD) values ('155','Talcahuano','8');
Insert into MASTERBIKES2.COMUNA (ID_COMUNA,NOMBRE,ID_CIUDAD) values ('156','Tome','8');
Insert into MASTERBIKES2.COMUNA (ID_COMUNA,NOMBRE,ID_CIUDAD) values ('157','Hualpen','8');
Insert into MASTERBIKES2.COMUNA (ID_COMUNA,NOMBRE,ID_CIUDAD) values ('158','Lebu','8');
Insert into MASTERBIKES2.COMUNA (ID_COMUNA,NOMBRE,ID_CIUDAD) values ('159','Arauco','8');
Insert into MASTERBIKES2.COMUNA (ID_COMUNA,NOMBRE,ID_CIUDAD) values ('160','Cañete','8');
Insert into MASTERBIKES2.COMUNA (ID_COMUNA,NOMBRE,ID_CIUDAD) values ('161','Contulmo','8');
Insert into MASTERBIKES2.COMUNA (ID_COMUNA,NOMBRE,ID_CIUDAD) values ('162','Curanilahue','8');
Insert into MASTERBIKES2.COMUNA (ID_COMUNA,NOMBRE,ID_CIUDAD) values ('163','Los Alamos','8');
Insert into MASTERBIKES2.COMUNA (ID_COMUNA,NOMBRE,ID_CIUDAD) values ('164','Tirua','8');
Insert into MASTERBIKES2.COMUNA (ID_COMUNA,NOMBRE,ID_CIUDAD) values ('165','Los Angeles','8');
Insert into MASTERBIKES2.COMUNA (ID_COMUNA,NOMBRE,ID_CIUDAD) values ('166','Antuco','8');
Insert into MASTERBIKES2.COMUNA (ID_COMUNA,NOMBRE,ID_CIUDAD) values ('167','Cabrero','8');
Insert into MASTERBIKES2.COMUNA (ID_COMUNA,NOMBRE,ID_CIUDAD) values ('168','Laja','8');
Insert into MASTERBIKES2.COMUNA (ID_COMUNA,NOMBRE,ID_CIUDAD) values ('169','Mulchen','8');
Insert into MASTERBIKES2.COMUNA (ID_COMUNA,NOMBRE,ID_CIUDAD) values ('170','Nacimiento','8');
Insert into MASTERBIKES2.COMUNA (ID_COMUNA,NOMBRE,ID_CIUDAD) values ('171','Negrete','8');
Insert into MASTERBIKES2.COMUNA (ID_COMUNA,NOMBRE,ID_CIUDAD) values ('172','Quilaco','8');
Insert into MASTERBIKES2.COMUNA (ID_COMUNA,NOMBRE,ID_CIUDAD) values ('173','Quilleco','8');
Insert into MASTERBIKES2.COMUNA (ID_COMUNA,NOMBRE,ID_CIUDAD) values ('174','San Rosendo','8');
Insert into MASTERBIKES2.COMUNA (ID_COMUNA,NOMBRE,ID_CIUDAD) values ('175','Santa Barbara','8');
Insert into MASTERBIKES2.COMUNA (ID_COMUNA,NOMBRE,ID_CIUDAD) values ('176','Tucapel','8');
Insert into MASTERBIKES2.COMUNA (ID_COMUNA,NOMBRE,ID_CIUDAD) values ('177','Yumbel','8');
Insert into MASTERBIKES2.COMUNA (ID_COMUNA,NOMBRE,ID_CIUDAD) values ('178','Alto Biobio','8');
Insert into MASTERBIKES2.COMUNA (ID_COMUNA,NOMBRE,ID_CIUDAD) values ('179','Chillan','8');
Insert into MASTERBIKES2.COMUNA (ID_COMUNA,NOMBRE,ID_CIUDAD) values ('180','Bulnes','8');
Insert into MASTERBIKES2.COMUNA (ID_COMUNA,NOMBRE,ID_CIUDAD) values ('181','Cobquecura','8');
Insert into MASTERBIKES2.COMUNA (ID_COMUNA,NOMBRE,ID_CIUDAD) values ('182','Coelemu','8');
Insert into MASTERBIKES2.COMUNA (ID_COMUNA,NOMBRE,ID_CIUDAD) values ('183','Coihueco','8');
Insert into MASTERBIKES2.COMUNA (ID_COMUNA,NOMBRE,ID_CIUDAD) values ('184','Chillan Viejo','8');
Insert into MASTERBIKES2.COMUNA (ID_COMUNA,NOMBRE,ID_CIUDAD) values ('185','El Carmen','8');
Insert into MASTERBIKES2.COMUNA (ID_COMUNA,NOMBRE,ID_CIUDAD) values ('186','Ninhue','8');
Insert into MASTERBIKES2.COMUNA (ID_COMUNA,NOMBRE,ID_CIUDAD) values ('187','Ñiquen','8');
Insert into MASTERBIKES2.COMUNA (ID_COMUNA,NOMBRE,ID_CIUDAD) values ('188','Pumeco','8');
Insert into MASTERBIKES2.COMUNA (ID_COMUNA,NOMBRE,ID_CIUDAD) values ('189','Pinto','8');
Insert into MASTERBIKES2.COMUNA (ID_COMUNA,NOMBRE,ID_CIUDAD) values ('190','Portezuelo','8');
Insert into MASTERBIKES2.COMUNA (ID_COMUNA,NOMBRE,ID_CIUDAD) values ('191','Quillon','8');
Insert into MASTERBIKES2.COMUNA (ID_COMUNA,NOMBRE,ID_CIUDAD) values ('192','Quirihue','8');
Insert into MASTERBIKES2.COMUNA (ID_COMUNA,NOMBRE,ID_CIUDAD) values ('193','Ranquil','8');
Insert into MASTERBIKES2.COMUNA (ID_COMUNA,NOMBRE,ID_CIUDAD) values ('194','San Carlos','8');
Insert into MASTERBIKES2.COMUNA (ID_COMUNA,NOMBRE,ID_CIUDAD) values ('195','San Fabian','8');
Insert into MASTERBIKES2.COMUNA (ID_COMUNA,NOMBRE,ID_CIUDAD) values ('196','San Ignacio','8');
Insert into MASTERBIKES2.COMUNA (ID_COMUNA,NOMBRE,ID_CIUDAD) values ('197','San Nicolas','8');
Insert into MASTERBIKES2.COMUNA (ID_COMUNA,NOMBRE,ID_CIUDAD) values ('198','Treguaco','8');
Insert into MASTERBIKES2.COMUNA (ID_COMUNA,NOMBRE,ID_CIUDAD) values ('199','Yungay','8');
Insert into MASTERBIKES2.COMUNA (ID_COMUNA,NOMBRE,ID_CIUDAD) values ('200','Temuco','9');
Insert into MASTERBIKES2.COMUNA (ID_COMUNA,NOMBRE,ID_CIUDAD) values ('201','Carahue','9');
Insert into MASTERBIKES2.COMUNA (ID_COMUNA,NOMBRE,ID_CIUDAD) values ('202','Cunco','9');
Insert into MASTERBIKES2.COMUNA (ID_COMUNA,NOMBRE,ID_CIUDAD) values ('203','Curarrehue','9');
Insert into MASTERBIKES2.COMUNA (ID_COMUNA,NOMBRE,ID_CIUDAD) values ('204','Freire','9');
Insert into MASTERBIKES2.COMUNA (ID_COMUNA,NOMBRE,ID_CIUDAD) values ('205','Galvarino','9');
Insert into MASTERBIKES2.COMUNA (ID_COMUNA,NOMBRE,ID_CIUDAD) values ('206','Gorbea','9');
Insert into MASTERBIKES2.COMUNA (ID_COMUNA,NOMBRE,ID_CIUDAD) values ('207','Lautaro','9');
Insert into MASTERBIKES2.COMUNA (ID_COMUNA,NOMBRE,ID_CIUDAD) values ('208','Loncoche','9');
Insert into MASTERBIKES2.COMUNA (ID_COMUNA,NOMBRE,ID_CIUDAD) values ('209','Melipeuco','9');
Insert into MASTERBIKES2.COMUNA (ID_COMUNA,NOMBRE,ID_CIUDAD) values ('210','Nueva Imperial','9');
Insert into MASTERBIKES2.COMUNA (ID_COMUNA,NOMBRE,ID_CIUDAD) values ('211','Padre las Casas','9');
Insert into MASTERBIKES2.COMUNA (ID_COMUNA,NOMBRE,ID_CIUDAD) values ('212','Perquenco','9');
Insert into MASTERBIKES2.COMUNA (ID_COMUNA,NOMBRE,ID_CIUDAD) values ('213','Pitrufquen','9');
Insert into MASTERBIKES2.COMUNA (ID_COMUNA,NOMBRE,ID_CIUDAD) values ('214','Pucon','9');
Insert into MASTERBIKES2.COMUNA (ID_COMUNA,NOMBRE,ID_CIUDAD) values ('215','Saavedra','9');
Insert into MASTERBIKES2.COMUNA (ID_COMUNA,NOMBRE,ID_CIUDAD) values ('216','Teodoro Schmidt','9');
Insert into MASTERBIKES2.COMUNA (ID_COMUNA,NOMBRE,ID_CIUDAD) values ('217','Tolten','9');
Insert into MASTERBIKES2.COMUNA (ID_COMUNA,NOMBRE,ID_CIUDAD) values ('218','Vilcun','9');
Insert into MASTERBIKES2.COMUNA (ID_COMUNA,NOMBRE,ID_CIUDAD) values ('219','Villarrica','9');
Insert into MASTERBIKES2.COMUNA (ID_COMUNA,NOMBRE,ID_CIUDAD) values ('220','Cholchol','9');
Insert into MASTERBIKES2.COMUNA (ID_COMUNA,NOMBRE,ID_CIUDAD) values ('221','Angol','9');
Insert into MASTERBIKES2.COMUNA (ID_COMUNA,NOMBRE,ID_CIUDAD) values ('222','Collipulli','9');
Insert into MASTERBIKES2.COMUNA (ID_COMUNA,NOMBRE,ID_CIUDAD) values ('223','Caracautin','9');
Insert into MASTERBIKES2.COMUNA (ID_COMUNA,NOMBRE,ID_CIUDAD) values ('224','Ercilla','9');
Insert into MASTERBIKES2.COMUNA (ID_COMUNA,NOMBRE,ID_CIUDAD) values ('225','Lonquimay','9');
Insert into MASTERBIKES2.COMUNA (ID_COMUNA,NOMBRE,ID_CIUDAD) values ('226','Los Sauces','9');
Insert into MASTERBIKES2.COMUNA (ID_COMUNA,NOMBRE,ID_CIUDAD) values ('227','Lumaco','9');
Insert into MASTERBIKES2.COMUNA (ID_COMUNA,NOMBRE,ID_CIUDAD) values ('228','Puren','9');
Insert into MASTERBIKES2.COMUNA (ID_COMUNA,NOMBRE,ID_CIUDAD) values ('229','Renaico','9');
Insert into MASTERBIKES2.COMUNA (ID_COMUNA,NOMBRE,ID_CIUDAD) values ('230','Traiguen','9');
Insert into MASTERBIKES2.COMUNA (ID_COMUNA,NOMBRE,ID_CIUDAD) values ('231','Victoria','9');
Insert into MASTERBIKES2.COMUNA (ID_COMUNA,NOMBRE,ID_CIUDAD) values ('232','Valdivia','14');
Insert into MASTERBIKES2.COMUNA (ID_COMUNA,NOMBRE,ID_CIUDAD) values ('233','Corral','14');
Insert into MASTERBIKES2.COMUNA (ID_COMUNA,NOMBRE,ID_CIUDAD) values ('234','Lanco','14');
Insert into MASTERBIKES2.COMUNA (ID_COMUNA,NOMBRE,ID_CIUDAD) values ('235','Los Lagos','14');
Insert into MASTERBIKES2.COMUNA (ID_COMUNA,NOMBRE,ID_CIUDAD) values ('236','Mafil','14');
Insert into MASTERBIKES2.COMUNA (ID_COMUNA,NOMBRE,ID_CIUDAD) values ('237','Mariquina','14');
Insert into MASTERBIKES2.COMUNA (ID_COMUNA,NOMBRE,ID_CIUDAD) values ('238','Paillaco','14');
Insert into MASTERBIKES2.COMUNA (ID_COMUNA,NOMBRE,ID_CIUDAD) values ('239','Panguipulli','14');
Insert into MASTERBIKES2.COMUNA (ID_COMUNA,NOMBRE,ID_CIUDAD) values ('240','La Union','14');
Insert into MASTERBIKES2.COMUNA (ID_COMUNA,NOMBRE,ID_CIUDAD) values ('242','Futrono','14');
Insert into MASTERBIKES2.COMUNA (ID_COMUNA,NOMBRE,ID_CIUDAD) values ('241','Lago Ranco','14');
Insert into MASTERBIKES2.COMUNA (ID_COMUNA,NOMBRE,ID_CIUDAD) values ('243','Rio Bueno','14');
Insert into MASTERBIKES2.COMUNA (ID_COMUNA,NOMBRE,ID_CIUDAD) values ('244','Puerto Montt','10');
Insert into MASTERBIKES2.COMUNA (ID_COMUNA,NOMBRE,ID_CIUDAD) values ('245','Calbuco','10');
Insert into MASTERBIKES2.COMUNA (ID_COMUNA,NOMBRE,ID_CIUDAD) values ('246','Cochamo','10');
Insert into MASTERBIKES2.COMUNA (ID_COMUNA,NOMBRE,ID_CIUDAD) values ('247','Fresia','10');
Insert into MASTERBIKES2.COMUNA (ID_COMUNA,NOMBRE,ID_CIUDAD) values ('248','Frutillar','10');
Insert into MASTERBIKES2.COMUNA (ID_COMUNA,NOMBRE,ID_CIUDAD) values ('249','Los Muermos','10');
Insert into MASTERBIKES2.COMUNA (ID_COMUNA,NOMBRE,ID_CIUDAD) values ('250','Llanquihue','10');
Insert into MASTERBIKES2.COMUNA (ID_COMUNA,NOMBRE,ID_CIUDAD) values ('251','Maullin','10');
Insert into MASTERBIKES2.COMUNA (ID_COMUNA,NOMBRE,ID_CIUDAD) values ('252','Puerto Varas','10');
Insert into MASTERBIKES2.COMUNA (ID_COMUNA,NOMBRE,ID_CIUDAD) values ('253','Castro','10');
Insert into MASTERBIKES2.COMUNA (ID_COMUNA,NOMBRE,ID_CIUDAD) values ('254','Ancud','10');
Insert into MASTERBIKES2.COMUNA (ID_COMUNA,NOMBRE,ID_CIUDAD) values ('255','Chonchi','10');
Insert into MASTERBIKES2.COMUNA (ID_COMUNA,NOMBRE,ID_CIUDAD) values ('256','Curaco de Velez','10');
Insert into MASTERBIKES2.COMUNA (ID_COMUNA,NOMBRE,ID_CIUDAD) values ('257','Dalcahue','10');
Insert into MASTERBIKES2.COMUNA (ID_COMUNA,NOMBRE,ID_CIUDAD) values ('258','Paqueldon','10');
Insert into MASTERBIKES2.COMUNA (ID_COMUNA,NOMBRE,ID_CIUDAD) values ('259','Queilen','10');
Insert into MASTERBIKES2.COMUNA (ID_COMUNA,NOMBRE,ID_CIUDAD) values ('260','Quellon','10');
Insert into MASTERBIKES2.COMUNA (ID_COMUNA,NOMBRE,ID_CIUDAD) values ('261','Quemchi','10');
Insert into MASTERBIKES2.COMUNA (ID_COMUNA,NOMBRE,ID_CIUDAD) values ('262','Quinchao','10');
Insert into MASTERBIKES2.COMUNA (ID_COMUNA,NOMBRE,ID_CIUDAD) values ('263','Osorno','10');
Insert into MASTERBIKES2.COMUNA (ID_COMUNA,NOMBRE,ID_CIUDAD) values ('264','Puerto Octay','10');
Insert into MASTERBIKES2.COMUNA (ID_COMUNA,NOMBRE,ID_CIUDAD) values ('265','Purranque','10');
Insert into MASTERBIKES2.COMUNA (ID_COMUNA,NOMBRE,ID_CIUDAD) values ('266','Puyehue','10');
Insert into MASTERBIKES2.COMUNA (ID_COMUNA,NOMBRE,ID_CIUDAD) values ('267','Rio Negro','10');
Insert into MASTERBIKES2.COMUNA (ID_COMUNA,NOMBRE,ID_CIUDAD) values ('268','San Juan de la Costa','10');
Insert into MASTERBIKES2.COMUNA (ID_COMUNA,NOMBRE,ID_CIUDAD) values ('269','San Pablo','10');
Insert into MASTERBIKES2.COMUNA (ID_COMUNA,NOMBRE,ID_CIUDAD) values ('270','Chaiten','10');
Insert into MASTERBIKES2.COMUNA (ID_COMUNA,NOMBRE,ID_CIUDAD) values ('271','Futaufu','10');
Insert into MASTERBIKES2.COMUNA (ID_COMUNA,NOMBRE,ID_CIUDAD) values ('272','Hualaihue','10');
Insert into MASTERBIKES2.COMUNA (ID_COMUNA,NOMBRE,ID_CIUDAD) values ('273','Palena','10');
Insert into MASTERBIKES2.COMUNA (ID_COMUNA,NOMBRE,ID_CIUDAD) values ('274','Coihaiquen','11');
Insert into MASTERBIKES2.COMUNA (ID_COMUNA,NOMBRE,ID_CIUDAD) values ('275','Lago Verde','11');
Insert into MASTERBIKES2.COMUNA (ID_COMUNA,NOMBRE,ID_CIUDAD) values ('276','Aisen','11');
Insert into MASTERBIKES2.COMUNA (ID_COMUNA,NOMBRE,ID_CIUDAD) values ('277','Cisnes','11');
Insert into MASTERBIKES2.COMUNA (ID_COMUNA,NOMBRE,ID_CIUDAD) values ('278','Guaitecas','11');
Insert into MASTERBIKES2.COMUNA (ID_COMUNA,NOMBRE,ID_CIUDAD) values ('279','Cochrane','11');
Insert into MASTERBIKES2.COMUNA (ID_COMUNA,NOMBRE,ID_CIUDAD) values ('280','OHiggins','11');
Insert into MASTERBIKES2.COMUNA (ID_COMUNA,NOMBRE,ID_CIUDAD) values ('281','Tortel','11');
Insert into MASTERBIKES2.COMUNA (ID_COMUNA,NOMBRE,ID_CIUDAD) values ('282','Chile Chico','11');
Insert into MASTERBIKES2.COMUNA (ID_COMUNA,NOMBRE,ID_CIUDAD) values ('283','Rio Ibañez','11');
Insert into MASTERBIKES2.COMUNA (ID_COMUNA,NOMBRE,ID_CIUDAD) values ('284','Punta Arenas','12');
Insert into MASTERBIKES2.COMUNA (ID_COMUNA,NOMBRE,ID_CIUDAD) values ('286','Laguna Blanca','12');
Insert into MASTERBIKES2.COMUNA (ID_COMUNA,NOMBRE,ID_CIUDAD) values ('287','Rio Verde','12');
Insert into MASTERBIKES2.COMUNA (ID_COMUNA,NOMBRE,ID_CIUDAD) values ('288','San Gregorio','12');
Insert into MASTERBIKES2.COMUNA (ID_COMUNA,NOMBRE,ID_CIUDAD) values ('289','Cabo de Hornos','12');
Insert into MASTERBIKES2.COMUNA (ID_COMUNA,NOMBRE,ID_CIUDAD) values ('290','Antartica','12');
Insert into MASTERBIKES2.COMUNA (ID_COMUNA,NOMBRE,ID_CIUDAD) values ('291','Porvenir','12');
Insert into MASTERBIKES2.COMUNA (ID_COMUNA,NOMBRE,ID_CIUDAD) values ('292','Primavera','12');
Insert into MASTERBIKES2.COMUNA (ID_COMUNA,NOMBRE,ID_CIUDAD) values ('293','Timaukel','12');
Insert into MASTERBIKES2.COMUNA (ID_COMUNA,NOMBRE,ID_CIUDAD) values ('294','Natales','12');
Insert into MASTERBIKES2.COMUNA (ID_COMUNA,NOMBRE,ID_CIUDAD) values ('295','Torres del Paine','12');
Insert into MASTERBIKES2.COMUNA (ID_COMUNA,NOMBRE,ID_CIUDAD) values ('296','Cerrillos','13');
Insert into MASTERBIKES2.COMUNA (ID_COMUNA,NOMBRE,ID_CIUDAD) values ('297','Cerro Navia','13');
Insert into MASTERBIKES2.COMUNA (ID_COMUNA,NOMBRE,ID_CIUDAD) values ('298','Conchali','13');
Insert into MASTERBIKES2.COMUNA (ID_COMUNA,NOMBRE,ID_CIUDAD) values ('299','El Bosque','13');
Insert into MASTERBIKES2.COMUNA (ID_COMUNA,NOMBRE,ID_CIUDAD) values ('300','Estacion Central','13');
Insert into MASTERBIKES2.COMUNA (ID_COMUNA,NOMBRE,ID_CIUDAD) values ('301','Huechuraba','13');
Insert into MASTERBIKES2.COMUNA (ID_COMUNA,NOMBRE,ID_CIUDAD) values ('302','Independencia','13');
Insert into MASTERBIKES2.COMUNA (ID_COMUNA,NOMBRE,ID_CIUDAD) values ('303','La Cisternas','13');
Insert into MASTERBIKES2.COMUNA (ID_COMUNA,NOMBRE,ID_CIUDAD) values ('304','La Florida','13');
Insert into MASTERBIKES2.COMUNA (ID_COMUNA,NOMBRE,ID_CIUDAD) values ('305','La Granja','13');
Insert into MASTERBIKES2.COMUNA (ID_COMUNA,NOMBRE,ID_CIUDAD) values ('306','La Pintana','13');
Insert into MASTERBIKES2.COMUNA (ID_COMUNA,NOMBRE,ID_CIUDAD) values ('307','La Reina','13');
Insert into MASTERBIKES2.COMUNA (ID_COMUNA,NOMBRE,ID_CIUDAD) values ('308','Las Condes','13');
Insert into MASTERBIKES2.COMUNA (ID_COMUNA,NOMBRE,ID_CIUDAD) values ('309','Lo Barneche','13');
Insert into MASTERBIKES2.COMUNA (ID_COMUNA,NOMBRE,ID_CIUDAD) values ('310','Lo Espejo','13');
Insert into MASTERBIKES2.COMUNA (ID_COMUNA,NOMBRE,ID_CIUDAD) values ('311','Lo Prado','13');
Insert into MASTERBIKES2.COMUNA (ID_COMUNA,NOMBRE,ID_CIUDAD) values ('312','Macul','13');
Insert into MASTERBIKES2.COMUNA (ID_COMUNA,NOMBRE,ID_CIUDAD) values ('313','Maipu','13');
Insert into MASTERBIKES2.COMUNA (ID_COMUNA,NOMBRE,ID_CIUDAD) values ('314','Ñuñoa','13');
Insert into MASTERBIKES2.COMUNA (ID_COMUNA,NOMBRE,ID_CIUDAD) values ('315','Pedro Aguirre Cerda','13');
Insert into MASTERBIKES2.COMUNA (ID_COMUNA,NOMBRE,ID_CIUDAD) values ('316','Peñalolen','13');
Insert into MASTERBIKES2.COMUNA (ID_COMUNA,NOMBRE,ID_CIUDAD) values ('317','Providencia','13');
Insert into MASTERBIKES2.COMUNA (ID_COMUNA,NOMBRE,ID_CIUDAD) values ('318','Pudahuel','13');
Insert into MASTERBIKES2.COMUNA (ID_COMUNA,NOMBRE,ID_CIUDAD) values ('319','Qulicura','13');
Insert into MASTERBIKES2.COMUNA (ID_COMUNA,NOMBRE,ID_CIUDAD) values ('320','Quinta Normal','13');
Insert into MASTERBIKES2.COMUNA (ID_COMUNA,NOMBRE,ID_CIUDAD) values ('321','Recoleta','13');
Insert into MASTERBIKES2.COMUNA (ID_COMUNA,NOMBRE,ID_CIUDAD) values ('322','Renca','13');
Insert into MASTERBIKES2.COMUNA (ID_COMUNA,NOMBRE,ID_CIUDAD) values ('323','San Joaquin','13');
Insert into MASTERBIKES2.COMUNA (ID_COMUNA,NOMBRE,ID_CIUDAD) values ('324','San Miguel','13');
Insert into MASTERBIKES2.COMUNA (ID_COMUNA,NOMBRE,ID_CIUDAD) values ('325','San Ramon','13');
Insert into MASTERBIKES2.COMUNA (ID_COMUNA,NOMBRE,ID_CIUDAD) values ('326','Vitacura','13');
Insert into MASTERBIKES2.COMUNA (ID_COMUNA,NOMBRE,ID_CIUDAD) values ('327','Puente Alto','13');
Insert into MASTERBIKES2.COMUNA (ID_COMUNA,NOMBRE,ID_CIUDAD) values ('328','Pirque','13');
Insert into MASTERBIKES2.COMUNA (ID_COMUNA,NOMBRE,ID_CIUDAD) values ('329','San Jose de Maipo','13');
Insert into MASTERBIKES2.COMUNA (ID_COMUNA,NOMBRE,ID_CIUDAD) values ('330','Colina','13');
Insert into MASTERBIKES2.COMUNA (ID_COMUNA,NOMBRE,ID_CIUDAD) values ('331','Lampa','13');
Insert into MASTERBIKES2.COMUNA (ID_COMUNA,NOMBRE,ID_CIUDAD) values ('332','TilTil','13');
Insert into MASTERBIKES2.COMUNA (ID_COMUNA,NOMBRE,ID_CIUDAD) values ('333','San Bernardo','13');
Insert into MASTERBIKES2.COMUNA (ID_COMUNA,NOMBRE,ID_CIUDAD) values ('334','Buin','13');
Insert into MASTERBIKES2.COMUNA (ID_COMUNA,NOMBRE,ID_CIUDAD) values ('335','Calera de Tango','13');
Insert into MASTERBIKES2.COMUNA (ID_COMUNA,NOMBRE,ID_CIUDAD) values ('336','Paine','13');
Insert into MASTERBIKES2.COMUNA (ID_COMUNA,NOMBRE,ID_CIUDAD) values ('337','Melipilla','13');
Insert into MASTERBIKES2.COMUNA (ID_COMUNA,NOMBRE,ID_CIUDAD) values ('338','Alhue','13');
Insert into MASTERBIKES2.COMUNA (ID_COMUNA,NOMBRE,ID_CIUDAD) values ('339','Curacavi','13');
Insert into MASTERBIKES2.COMUNA (ID_COMUNA,NOMBRE,ID_CIUDAD) values ('340','Maria Pinto','13');
Insert into MASTERBIKES2.COMUNA (ID_COMUNA,NOMBRE,ID_CIUDAD) values ('341','San Pedro','13');
Insert into MASTERBIKES2.COMUNA (ID_COMUNA,NOMBRE,ID_CIUDAD) values ('342','Talagante','13');
Insert into MASTERBIKES2.COMUNA (ID_COMUNA,NOMBRE,ID_CIUDAD) values ('343','El Monte','13');
Insert into MASTERBIKES2.COMUNA (ID_COMUNA,NOMBRE,ID_CIUDAD) values ('344','Isla Maipo','13');
Insert into MASTERBIKES2.COMUNA (ID_COMUNA,NOMBRE,ID_CIUDAD) values ('345','Padre Hurtado','13');
Insert into MASTERBIKES2.COMUNA (ID_COMUNA,NOMBRE,ID_CIUDAD) values ('346','Peñaflor','13');
REM INSERTING into MASTERBIKES2.DESPACHO
SET DEFINE OFF;
REM INSERTING into MASTERBIKES2.ESTADODESPACHO
SET DEFINE OFF;
Insert into MASTERBIKES2.ESTADODESPACHO (ID_ESTADODESPACHO,DESCRIPCION) values ('1','Producto Pendiente');
Insert into MASTERBIKES2.ESTADODESPACHO (ID_ESTADODESPACHO,DESCRIPCION) values ('2','Producto en Proceso');
Insert into MASTERBIKES2.ESTADODESPACHO (ID_ESTADODESPACHO,DESCRIPCION) values ('3','Producto Listo para su retiro');
Insert into MASTERBIKES2.ESTADODESPACHO (ID_ESTADODESPACHO,DESCRIPCION) values ('4','Producto entregado');
REM INSERTING into MASTERBIKES2.ESTADOREPARACION
SET DEFINE OFF;
Insert into MASTERBIKES2.ESTADOREPARACION (ID_ESTADOREPARACION,NOMBRE) values ('1','Pendiente');
Insert into MASTERBIKES2.ESTADOREPARACION (ID_ESTADOREPARACION,NOMBRE) values ('2','Procesando');
Insert into MASTERBIKES2.ESTADOREPARACION (ID_ESTADOREPARACION,NOMBRE) values ('3','Listo para retiro');
Insert into MASTERBIKES2.ESTADOREPARACION (ID_ESTADOREPARACION,NOMBRE) values ('4','Reparada');
REM INSERTING into MASTERBIKES2.MARCA
SET DEFINE OFF;
Insert into MASTERBIKES2.MARCA (ID_MARCA,NOMBRE_MARCA) values ('1','Bianchi');
Insert into MASTERBIKES2.MARCA (ID_MARCA,NOMBRE_MARCA) values ('2','Trek');
Insert into MASTERBIKES2.MARCA (ID_MARCA,NOMBRE_MARCA) values ('3','Giant');
Insert into MASTERBIKES2.MARCA (ID_MARCA,NOMBRE_MARCA) values ('4','Scott');
Insert into MASTERBIKES2.MARCA (ID_MARCA,NOMBRE_MARCA) values ('5','Merida');
REM INSERTING into MASTERBIKES2.MODELO
SET DEFINE OFF;
Insert into MASTERBIKES2.MODELO (ID_MODELO,NOMBRE) values ('2','c56');
Insert into MASTERBIKES2.MODELO (ID_MODELO,NOMBRE) values ('3','c76');
Insert into MASTERBIKES2.MODELO (ID_MODELO,NOMBRE) values ('4','f56');
Insert into MASTERBIKES2.MODELO (ID_MODELO,NOMBRE) values ('5','g78');
Insert into MASTERBIKES2.MODELO (ID_MODELO,NOMBRE) values ('6','hy');
Insert into MASTERBIKES2.MODELO (ID_MODELO,NOMBRE) values ('1','c34');
REM INSERTING into MASTERBIKES2.PAGO
SET DEFINE OFF;
Insert into MASTERBIKES2.PAGO (ID_FORMAPAGO,NOMBRE) values ('1','Debito');
Insert into MASTERBIKES2.PAGO (ID_FORMAPAGO,NOMBRE) values ('2','Credito');
REM INSERTING into MASTERBIKES2.PROVEEDOR
SET DEFINE OFF;
Insert into MASTERBIKES2.PROVEEDOR (ID_PROVEEDOR,NOMBRE,ID_USUARIO) values ('1','SHIMANO','7');
REM INSERTING into MASTERBIKES2.REPARACION
SET DEFINE OFF;
REM INSERTING into MASTERBIKES2.SEXO
SET DEFINE OFF;
Insert into MASTERBIKES2.SEXO (ID_SEXO,NOMBRE) values ('1','Masculino');
Insert into MASTERBIKES2.SEXO (ID_SEXO,NOMBRE) values ('2','Femenino');
REM INSERTING into MASTERBIKES2.TIPOBICICLETA
SET DEFINE OFF;
Insert into MASTERBIKES2.TIPOBICICLETA (ID_TIPOBICICLETA,NOMBRE,DESCRIPCION) values ('1','Paseo','Paseo');
Insert into MASTERBIKES2.TIPOBICICLETA (ID_TIPOBICICLETA,NOMBRE,DESCRIPCION) values ('2','Niño','Niño');
Insert into MASTERBIKES2.TIPOBICICLETA (ID_TIPOBICICLETA,NOMBRE,DESCRIPCION) values ('3','Adulto','Adulto');
Insert into MASTERBIKES2.TIPOBICICLETA (ID_TIPOBICICLETA,NOMBRE,DESCRIPCION) values ('4','Montaña','Montaña');
Insert into MASTERBIKES2.TIPOBICICLETA (ID_TIPOBICICLETA,NOMBRE,DESCRIPCION) values ('5','Urbana','Urbana');
Insert into MASTERBIKES2.TIPOBICICLETA (ID_TIPOBICICLETA,NOMBRE,DESCRIPCION) values ('6','Ruta','Ruta');
REM INSERTING into MASTERBIKES2.TIPODESPACHO
SET DEFINE OFF;
Insert into MASTERBIKES2.TIPODESPACHO (ID_TIPODESPACHO,NOMBRE) values ('2','Reparto Domicilio');
Insert into MASTERBIKES2.TIPODESPACHO (ID_TIPODESPACHO,NOMBRE) values ('1','Retiro en Tienda');
REM INSERTING into MASTERBIKES2.TIPOUSUARIO
SET DEFINE OFF;
Insert into MASTERBIKES2.TIPOUSUARIO (ID_TIPOUSUARIO,NOMBRE,DESCRIPCION) values ('1','Administrador','administrador');
Insert into MASTERBIKES2.TIPOUSUARIO (ID_TIPOUSUARIO,NOMBRE,DESCRIPCION) values ('3','Vendedor','vendedor');
Insert into MASTERBIKES2.TIPOUSUARIO (ID_TIPOUSUARIO,NOMBRE,DESCRIPCION) values ('2','Cliente','cliente');
Insert into MASTERBIKES2.TIPOUSUARIO (ID_TIPOUSUARIO,NOMBRE,DESCRIPCION) values ('4','Tecnico','tecnico');
REM INSERTING into MASTERBIKES2.USUARIO
SET DEFINE OFF;
Insert into MASTERBIKES2.USUARIO (ID_USUARIO,RUT,NOMBRE,APELLIDO,EMAIL,EDAD,DIRECCION,USERNAME,PASSWORD,ID_COMUNA,ID_TIPOUSUARIO,ID_SEXO) values ('2','17928675-0','patricio','Alfaro','erick.alfaro@gmail.com','23','cliente 344','cliente','cliente','1','2','1');
Insert into MASTERBIKES2.USUARIO (ID_USUARIO,RUT,NOMBRE,APELLIDO,EMAIL,EDAD,DIRECCION,USERNAME,PASSWORD,ID_COMUNA,ID_TIPOUSUARIO,ID_SEXO) values ('3','16257608-9 ','Javier','Moraga','javier@vendedor.cl','23','vendedor','vendedor','vendedor','3','3','1');
Insert into MASTERBIKES2.USUARIO (ID_USUARIO,RUT,NOMBRE,APELLIDO,EMAIL,EDAD,DIRECCION,USERNAME,PASSWORD,ID_COMUNA,ID_TIPOUSUARIO,ID_SEXO) values ('4','16746620-6 ','Pedro','Gonzalez','pedro@tecnico.cl','23','tecnico','tecnico','tecnico','3','4','2');
Insert into MASTERBIKES2.USUARIO (ID_USUARIO,RUT,NOMBRE,APELLIDO,EMAIL,EDAD,DIRECCION,USERNAME,PASSWORD,ID_COMUNA,ID_TIPOUSUARIO,ID_SEXO) values ('7','19319652-7','Erick','Aguila','erick@aguila.cl','22','Puente Alto','admin','admin','2','1','1');
--------------------------------------------------------
--  DDL for Index ARRIENDO_PK
--------------------------------------------------------

  CREATE UNIQUE INDEX "MASTERBIKES2"."ARRIENDO_PK" ON "MASTERBIKES2"."ARRIENDO" ("ID_ARRIENDO") 
  PCTFREE 10 INITRANS 2 MAXTRANS 255 COMPUTE STATISTICS 
  STORAGE(INITIAL 65536 NEXT 1048576 MINEXTENTS 1 MAXEXTENTS 2147483645
  PCTINCREASE 0 FREELISTS 1 FREELIST GROUPS 1 BUFFER_POOL DEFAULT FLASH_CACHE DEFAULT CELL_FLASH_CACHE DEFAULT)
  TABLESPACE "USERS" ;
--------------------------------------------------------
--  DDL for Index BICICLETA_PK
--------------------------------------------------------

  CREATE UNIQUE INDEX "MASTERBIKES2"."BICICLETA_PK" ON "MASTERBIKES2"."BICICLETA" ("ID_BICICLETA") 
  PCTFREE 10 INITRANS 2 MAXTRANS 255 COMPUTE STATISTICS 
  STORAGE(INITIAL 65536 NEXT 1048576 MINEXTENTS 1 MAXEXTENTS 2147483645
  PCTINCREASE 0 FREELISTS 1 FREELIST GROUPS 1 BUFFER_POOL DEFAULT FLASH_CACHE DEFAULT CELL_FLASH_CACHE DEFAULT)
  TABLESPACE "USERS" ;
--------------------------------------------------------
--  DDL for Index CIUDAD_PK
--------------------------------------------------------

  CREATE UNIQUE INDEX "MASTERBIKES2"."CIUDAD_PK" ON "MASTERBIKES2"."CIUDAD" ("ID_CIUDAD") 
  PCTFREE 10 INITRANS 2 MAXTRANS 255 COMPUTE STATISTICS 
  STORAGE(INITIAL 65536 NEXT 1048576 MINEXTENTS 1 MAXEXTENTS 2147483645
  PCTINCREASE 0 FREELISTS 1 FREELIST GROUPS 1 BUFFER_POOL DEFAULT FLASH_CACHE DEFAULT CELL_FLASH_CACHE DEFAULT)
  TABLESPACE "USERS" ;
--------------------------------------------------------
--  DDL for Index COMUNA_PK
--------------------------------------------------------

  CREATE UNIQUE INDEX "MASTERBIKES2"."COMUNA_PK" ON "MASTERBIKES2"."COMUNA" ("ID_COMUNA") 
  PCTFREE 10 INITRANS 2 MAXTRANS 255 COMPUTE STATISTICS 
  STORAGE(INITIAL 65536 NEXT 1048576 MINEXTENTS 1 MAXEXTENTS 2147483645
  PCTINCREASE 0 FREELISTS 1 FREELIST GROUPS 1 BUFFER_POOL DEFAULT FLASH_CACHE DEFAULT CELL_FLASH_CACHE DEFAULT)
  TABLESPACE "USERS" ;
--------------------------------------------------------
--  DDL for Index DESPACHO_PK
--------------------------------------------------------

  CREATE UNIQUE INDEX "MASTERBIKES2"."DESPACHO_PK" ON "MASTERBIKES2"."DESPACHO" ("ID_DESPACHO") 
  PCTFREE 10 INITRANS 2 MAXTRANS 255 COMPUTE STATISTICS 
  STORAGE(INITIAL 65536 NEXT 1048576 MINEXTENTS 1 MAXEXTENTS 2147483645
  PCTINCREASE 0 FREELISTS 1 FREELIST GROUPS 1 BUFFER_POOL DEFAULT FLASH_CACHE DEFAULT CELL_FLASH_CACHE DEFAULT)
  TABLESPACE "USERS" ;
--------------------------------------------------------
--  DDL for Index ESTADODESPACHO_PK
--------------------------------------------------------

  CREATE UNIQUE INDEX "MASTERBIKES2"."ESTADODESPACHO_PK" ON "MASTERBIKES2"."ESTADODESPACHO" ("ID_ESTADODESPACHO") 
  PCTFREE 10 INITRANS 2 MAXTRANS 255 COMPUTE STATISTICS 
  STORAGE(INITIAL 65536 NEXT 1048576 MINEXTENTS 1 MAXEXTENTS 2147483645
  PCTINCREASE 0 FREELISTS 1 FREELIST GROUPS 1 BUFFER_POOL DEFAULT FLASH_CACHE DEFAULT CELL_FLASH_CACHE DEFAULT)
  TABLESPACE "USERS" ;
--------------------------------------------------------
--  DDL for Index ESTADOREPARACION_PK
--------------------------------------------------------

  CREATE UNIQUE INDEX "MASTERBIKES2"."ESTADOREPARACION_PK" ON "MASTERBIKES2"."ESTADOREPARACION" ("ID_ESTADOREPARACION") 
  PCTFREE 10 INITRANS 2 MAXTRANS 255 COMPUTE STATISTICS 
  STORAGE(INITIAL 65536 NEXT 1048576 MINEXTENTS 1 MAXEXTENTS 2147483645
  PCTINCREASE 0 FREELISTS 1 FREELIST GROUPS 1 BUFFER_POOL DEFAULT FLASH_CACHE DEFAULT CELL_FLASH_CACHE DEFAULT)
  TABLESPACE "USERS" ;
--------------------------------------------------------
--  DDL for Index MARCA_PK
--------------------------------------------------------

  CREATE UNIQUE INDEX "MASTERBIKES2"."MARCA_PK" ON "MASTERBIKES2"."MARCA" ("ID_MARCA") 
  PCTFREE 10 INITRANS 2 MAXTRANS 255 COMPUTE STATISTICS 
  STORAGE(INITIAL 65536 NEXT 1048576 MINEXTENTS 1 MAXEXTENTS 2147483645
  PCTINCREASE 0 FREELISTS 1 FREELIST GROUPS 1 BUFFER_POOL DEFAULT FLASH_CACHE DEFAULT CELL_FLASH_CACHE DEFAULT)
  TABLESPACE "USERS" ;
--------------------------------------------------------
--  DDL for Index MODELO_PK
--------------------------------------------------------

  CREATE UNIQUE INDEX "MASTERBIKES2"."MODELO_PK" ON "MASTERBIKES2"."MODELO" ("ID_MODELO") 
  PCTFREE 10 INITRANS 2 MAXTRANS 255 COMPUTE STATISTICS 
  STORAGE(INITIAL 65536 NEXT 1048576 MINEXTENTS 1 MAXEXTENTS 2147483645
  PCTINCREASE 0 FREELISTS 1 FREELIST GROUPS 1 BUFFER_POOL DEFAULT FLASH_CACHE DEFAULT CELL_FLASH_CACHE DEFAULT)
  TABLESPACE "USERS" ;
--------------------------------------------------------
--  DDL for Index PAGO_PK
--------------------------------------------------------

  CREATE UNIQUE INDEX "MASTERBIKES2"."PAGO_PK" ON "MASTERBIKES2"."PAGO" ("ID_FORMAPAGO") 
  PCTFREE 10 INITRANS 2 MAXTRANS 255 COMPUTE STATISTICS 
  STORAGE(INITIAL 65536 NEXT 1048576 MINEXTENTS 1 MAXEXTENTS 2147483645
  PCTINCREASE 0 FREELISTS 1 FREELIST GROUPS 1 BUFFER_POOL DEFAULT FLASH_CACHE DEFAULT CELL_FLASH_CACHE DEFAULT)
  TABLESPACE "USERS" ;
--------------------------------------------------------
--  DDL for Index PROVEEDOR_PK
--------------------------------------------------------

  CREATE UNIQUE INDEX "MASTERBIKES2"."PROVEEDOR_PK" ON "MASTERBIKES2"."PROVEEDOR" ("ID_PROVEEDOR") 
  PCTFREE 10 INITRANS 2 MAXTRANS 255 COMPUTE STATISTICS 
  STORAGE(INITIAL 65536 NEXT 1048576 MINEXTENTS 1 MAXEXTENTS 2147483645
  PCTINCREASE 0 FREELISTS 1 FREELIST GROUPS 1 BUFFER_POOL DEFAULT FLASH_CACHE DEFAULT CELL_FLASH_CACHE DEFAULT)
  TABLESPACE "USERS" ;
--------------------------------------------------------
--  DDL for Index REPARACION_PK
--------------------------------------------------------

  CREATE UNIQUE INDEX "MASTERBIKES2"."REPARACION_PK" ON "MASTERBIKES2"."REPARACION" ("ID_REPARACION") 
  PCTFREE 10 INITRANS 2 MAXTRANS 255 COMPUTE STATISTICS 
  STORAGE(INITIAL 65536 NEXT 1048576 MINEXTENTS 1 MAXEXTENTS 2147483645
  PCTINCREASE 0 FREELISTS 1 FREELIST GROUPS 1 BUFFER_POOL DEFAULT FLASH_CACHE DEFAULT CELL_FLASH_CACHE DEFAULT)
  TABLESPACE "USERS" ;
--------------------------------------------------------
--  DDL for Index SEXO_PK
--------------------------------------------------------

  CREATE UNIQUE INDEX "MASTERBIKES2"."SEXO_PK" ON "MASTERBIKES2"."SEXO" ("ID_SEXO") 
  PCTFREE 10 INITRANS 2 MAXTRANS 255 COMPUTE STATISTICS 
  STORAGE(INITIAL 65536 NEXT 1048576 MINEXTENTS 1 MAXEXTENTS 2147483645
  PCTINCREASE 0 FREELISTS 1 FREELIST GROUPS 1 BUFFER_POOL DEFAULT FLASH_CACHE DEFAULT CELL_FLASH_CACHE DEFAULT)
  TABLESPACE "USERS" ;
--------------------------------------------------------
--  DDL for Index TIPOBICICLETA_PK
--------------------------------------------------------

  CREATE UNIQUE INDEX "MASTERBIKES2"."TIPOBICICLETA_PK" ON "MASTERBIKES2"."TIPOBICICLETA" ("ID_TIPOBICICLETA") 
  PCTFREE 10 INITRANS 2 MAXTRANS 255 COMPUTE STATISTICS 
  STORAGE(INITIAL 65536 NEXT 1048576 MINEXTENTS 1 MAXEXTENTS 2147483645
  PCTINCREASE 0 FREELISTS 1 FREELIST GROUPS 1 BUFFER_POOL DEFAULT FLASH_CACHE DEFAULT CELL_FLASH_CACHE DEFAULT)
  TABLESPACE "USERS" ;
--------------------------------------------------------
--  DDL for Index TIPODESPACHO_PK
--------------------------------------------------------

  CREATE UNIQUE INDEX "MASTERBIKES2"."TIPODESPACHO_PK" ON "MASTERBIKES2"."TIPODESPACHO" ("ID_TIPODESPACHO") 
  PCTFREE 10 INITRANS 2 MAXTRANS 255 COMPUTE STATISTICS 
  STORAGE(INITIAL 65536 NEXT 1048576 MINEXTENTS 1 MAXEXTENTS 2147483645
  PCTINCREASE 0 FREELISTS 1 FREELIST GROUPS 1 BUFFER_POOL DEFAULT FLASH_CACHE DEFAULT CELL_FLASH_CACHE DEFAULT)
  TABLESPACE "USERS" ;
--------------------------------------------------------
--  DDL for Index TIPOUSUARIO_PK
--------------------------------------------------------

  CREATE UNIQUE INDEX "MASTERBIKES2"."TIPOUSUARIO_PK" ON "MASTERBIKES2"."TIPOUSUARIO" ("ID_TIPOUSUARIO") 
  PCTFREE 10 INITRANS 2 MAXTRANS 255 COMPUTE STATISTICS 
  STORAGE(INITIAL 65536 NEXT 1048576 MINEXTENTS 1 MAXEXTENTS 2147483645
  PCTINCREASE 0 FREELISTS 1 FREELIST GROUPS 1 BUFFER_POOL DEFAULT FLASH_CACHE DEFAULT CELL_FLASH_CACHE DEFAULT)
  TABLESPACE "USERS" ;
--------------------------------------------------------
--  DDL for Index USUARIO_PK
--------------------------------------------------------

  CREATE UNIQUE INDEX "MASTERBIKES2"."USUARIO_PK" ON "MASTERBIKES2"."USUARIO" ("ID_USUARIO") 
  PCTFREE 10 INITRANS 2 MAXTRANS 255 COMPUTE STATISTICS 
  STORAGE(INITIAL 65536 NEXT 1048576 MINEXTENTS 1 MAXEXTENTS 2147483645
  PCTINCREASE 0 FREELISTS 1 FREELIST GROUPS 1 BUFFER_POOL DEFAULT FLASH_CACHE DEFAULT CELL_FLASH_CACHE DEFAULT)
  TABLESPACE "USERS" ;
--------------------------------------------------------
--  DDL for Trigger TRG_ASIGNA_ID_ARRIENDO
--------------------------------------------------------

  CREATE OR REPLACE TRIGGER "MASTERBIKES2"."TRG_ASIGNA_ID_ARRIENDO" 
before insert on ARRIENDO
for each row
begin
  select nvl(max(ID_ARRIENDO),0) + 1 into :new.ID_ARRIENDO
  from ARRIENDO;
end TRG_ASIGNA_ID_ARRIENDO;

/
ALTER TRIGGER "MASTERBIKES2"."TRG_ASIGNA_ID_ARRIENDO" ENABLE;
--------------------------------------------------------
--  DDL for Trigger TRG_ASIGNA_ID_BICICLETA
--------------------------------------------------------

  CREATE OR REPLACE TRIGGER "MASTERBIKES2"."TRG_ASIGNA_ID_BICICLETA" 
before insert on BICICLETA
for each row
begin
  select nvl(max(ID_BICICLETA),0) + 1 into :new.ID_BICICLETA
  from BICICLETA;
end TRG_ASIGNA_ID_BICICLETA;

/
ALTER TRIGGER "MASTERBIKES2"."TRG_ASIGNA_ID_BICICLETA" ENABLE;
--------------------------------------------------------
--  DDL for Trigger TRG_ASIGNA_ID_REPARACION
--------------------------------------------------------

  CREATE OR REPLACE TRIGGER "MASTERBIKES2"."TRG_ASIGNA_ID_REPARACION" 
before insert on REPARACION
for each row
begin
  select nvl(max(ID_REPARACION),0) + 1 into :new.ID_REPARACION
  from REPARACION;
end TRG_ASIGNA_ID_REPARACION;

/
ALTER TRIGGER "MASTERBIKES2"."TRG_ASIGNA_ID_REPARACION" ENABLE;
--------------------------------------------------------
--  DDL for Trigger TRG_ASIGNA_ID_USUARIO
--------------------------------------------------------

  CREATE OR REPLACE TRIGGER "MASTERBIKES2"."TRG_ASIGNA_ID_USUARIO" 
before insert on usuario
for each row
begin
  select nvl(max(id_usuario),0) + 1 into :new.id_usuario
  from usuario;
end TRG_ASIGNA_ID_Usuario;

/
ALTER TRIGGER "MASTERBIKES2"."TRG_ASIGNA_ID_USUARIO" ENABLE;
--------------------------------------------------------
--  DDL for Trigger TRG_ASIGNAR_ID_DESPACHO
--------------------------------------------------------

  CREATE OR REPLACE TRIGGER "MASTERBIKES2"."TRG_ASIGNAR_ID_DESPACHO" 
before insert on DESPACHO
for each row
begin
    SELECT NVL(MAX(ID_DESPACHO),0)+1 INTO :NEW.ID_DESPACHO FROM DESPACHO;
END TGR_ASIGNAR_ID_DESPACHO;
/
ALTER TRIGGER "MASTERBIKES2"."TRG_ASIGNAR_ID_DESPACHO" ENABLE;
--------------------------------------------------------
--  DDL for Trigger TRG_ASIGNAR_ID_PROVEEDOR
--------------------------------------------------------

  CREATE OR REPLACE TRIGGER "MASTERBIKES2"."TRG_ASIGNAR_ID_PROVEEDOR" 
before insert on PROVEEDOR
for each row
begin
    SELECT NVL(MAX(ID_PROVEEDOR),0)+1 INTO :NEW.ID_PROVEEDOR FROM PROVEEDOR;
END TGR_ASIGNAR_ID_PROVEEDOR;
/
ALTER TRIGGER "MASTERBIKES2"."TRG_ASIGNAR_ID_PROVEEDOR" ENABLE;
--------------------------------------------------------
--  DDL for Package ACTUALIZAR_PKG
--------------------------------------------------------

  CREATE OR REPLACE PACKAGE "MASTERBIKES2"."ACTUALIZAR_PKG" AS 

  PROCEDURE  ACTUALIZAR_USUARIO
(
  p_rut_usuario USUARIO.RUT%TYPE,
  p_nombres_usuario USUARIO.NOMBRE%TYPE,
  p_apellido_usuario USUARIO.APELLIDO%TYPE,
  p_email_usuario USUARIO.EMAIL%TYPE,
  p_edad_usuario USUARIO.EDAD%TYPE,
  p_dirección_usuario USUARIO.DIRECCION%TYPE,
  p_username_usuario USUARIO.USERNAME%TYPE,
  p_password_usuario USUARIO.PASSWORD%TYPE,
  p_id_comuna USUARIO.ID_COMUNA%TYPE,
  p_id_tipousuario USUARIO.ID_TIPOUSUARIO%TYPE,
  p_id_sexo_usuario USUARIO.ID_SEXO%TYPE,
  p_id_usuario USUARIO.ID_USUARIO%TYPE
 
);

  PROCEDURE ACTUALIZAR_ESTADO_REPARACION
(
  p_estado REPARACION.ID_ESTADOREPARACION%TYPE,
  p_id_reparacion REPARACION.ID_REPARACION%TYPE
);

END ACTUALIZAR_PKG;


/
--------------------------------------------------------
--  DDL for Package AGREGAR_ARRIENDO
--------------------------------------------------------

  CREATE OR REPLACE PACKAGE "MASTERBIKES2"."AGREGAR_ARRIENDO" AS 

 PROCEDURE  INGRESAR_ARRIENDO
(
 p_fecha_inicio ARRIENDO.FECHAINICIO%TYPE,
 p_fecha_fin ARRIENDO.FECHAFIN%TYPE,
 p_deposito ARRIENDO.DEPOSITOGARANTIA%TYPE,
 p_id_cliente ARRIENDO.ID_USUARIO%TYPE,
 p_id_bicicleta ARRIENDO.ID_ARRIENDO%TYPE,
 p_id_pago ARRIENDO.ID_FORMAPAGO%TYPE
);

END AGREGAR_ARRIENDO;


/
--------------------------------------------------------
--  DDL for Package AGREGAR_PKG
--------------------------------------------------------

  CREATE OR REPLACE PACKAGE "MASTERBIKES2"."AGREGAR_PKG" AS 

PROCEDURE  AGREGAR_USUARIO 
(
  p_rut_usuario USUARIO.RUT%TYPE,
  p_nombres_usuario USUARIO.NOMBRE%TYPE,
  p_apellido_usuario USUARIO.APELLIDO%TYPE,
  p_email_usuario USUARIO.EMAIL%TYPE,
  p_edad_usuario USUARIO.EDAD%TYPE,
  p_dirección_usuario USUARIO.DIRECCION%TYPE,
  p_username_usuario USUARIO.USERNAME%TYPE,
  p_password_usuario USUARIO.PASSWORD%TYPE,
  p_id_comuna USUARIO.ID_COMUNA%TYPE,
  p_id_sexo_usuario USUARIO.ID_SEXO%TYPE,
  p_id_tipousuario USUARIO.ID_TIPOUSUARIO%TYPE
);

PROCEDURE  AGREGAR_SOLICITUD_REPARACION
(
  p_descripcion REPARACION.DESCRIPCION%TYPE,
  p_id_cliente REPARACION.ID_USUARIO%TYPE
);

END AGREGAR_PKG;


/
--------------------------------------------------------
--  DDL for Package BUSCAR_PKG
--------------------------------------------------------

  CREATE OR REPLACE PACKAGE "MASTERBIKES2"."BUSCAR_PKG" AS 

  PROCEDURE  BUSCAR_USUARIO
(
    
  p_id_usuario USUARIO.ID_USUARIO%TYPE,
  pcursor out sys_refcursor
);
  PROCEDURE  HISTORIAL_MANTENCIONES
(
  p_id_usuario REPARACION.ID_USUARIO%TYPE,
  pcursor out sys_refcursor
);
  PROCEDURE  SEGUIMIENTO_REPARACION
(
  p_id_usuario REPARACION.ID_USUARIO%TYPE,
  pcursor out sys_refcursor
);

 PROCEDURE  MOSTRAR_PAGO
(
  pcursor out sys_refcursor
);

PROCEDURE  MOSTRAR_BICICLETA
(
  p_promocion BICICLETA.ENPROMOCION%TYPE,
  pcursor out sys_refcursor
);

PROCEDURE  OBTENER_BICICLETA
(
  pcursor out sys_refcursor
);

PROCEDURE SEGUIMIENTO_PRODUCTO
(
    p_id_usuario USUARIO.ID_USUARIO%TYPE,
    pcursor out sys_refcursor
);

PROCEDURE  SOLICITUD_REPARACION
(
  pcursor out sys_refcursor
);

PROCEDURE  OBTENER_ESTADO_REPARACION
(
  pcursor out sys_refcursor
);

PROCEDURE  OBTENER_EMAIL
(
  p_id_reparacion REPARACION.ID_REPARACION%TYPE,  
  pcursor out sys_refcursor
);

END BUSCAR_PKG;


/
--------------------------------------------------------
--  DDL for Package COMUNA_PKG
--------------------------------------------------------

  CREATE OR REPLACE PACKAGE "MASTERBIKES2"."COMUNA_PKG" AS 
procedure proc_obtener_comuna(pcursor out sys_refcursor);  
procedure proc_obtener_ciudad(pcursor out sys_refcursor);
END COMUNA_PKG;


/
--------------------------------------------------------
--  DDL for Package PKG_BICICLETA
--------------------------------------------------------

  CREATE OR REPLACE PACKAGE "MASTERBIKES2"."PKG_BICICLETA" AS 

procedure sp_guardar(
p_id_marca BICICLETA.ID_MARCA%TYPE,
p_id_modelo BICICLETA.ID_MODELO%TYPE,
p_id_tipobicicleta BICICLETA.ID_TIPOBICICLETA%TYPE,
p_precio BICICLETA.PRECIO%TYPE,
p_enpromocion BICICLETA.ENPROMOCION%TYPE,
p_imagen BICICLETA.IMAGEN%TYPE
);
procedure sp_modificar(
p_id_marca BICICLETA.ID_MARCA%TYPE,
p_id_modelo BICICLETA.ID_MODELO%TYPE,
p_id_tipobicicleta BICICLETA.ID_TIPOBICICLETA%TYPE,
p_precio BICICLETA.PRECIO%TYPE,
p_enpromocion BICICLETA.ENPROMOCION%TYPE,
p_imagen BICICLETA.IMAGEN%TYPE,
p_id_bicicleta BICICLETA.ID_BICICLETA%TYPE
);
procedure sp_eliminar(p_id_bicicleta BICICLETA.ID_BICICLETA%TYPE);
procedure sp_existebicicleta(p_id_bicicleta INT, pcursor out sys_refcursor);
procedure sp_listar(pcursor out SYS_REFCURSOR);

END PKG_BICICLETA;

/
--------------------------------------------------------
--  DDL for Package PKG_COMUNA
--------------------------------------------------------

  CREATE OR REPLACE PACKAGE "MASTERBIKES2"."PKG_COMUNA" AS 
procedure sp_listar(pcursor out SYS_REFCURSOR);
END PKG_COMUNA;


/
--------------------------------------------------------
--  DDL for Package PKG_DESPACHO
--------------------------------------------------------

  CREATE OR REPLACE PACKAGE "MASTERBIKES2"."PKG_DESPACHO" AS 

procedure sp_guardar(
p_direccion DESPACHO.DIRECCION%TYPE,
p_fechacreacion DESPACHO.FECHAENTREGA%TYPE,
p_id_tipodespacho DESPACHO.ID_TIPODESPACHO%TYPE,
p_id_estadodespacho DESPACHO.ID_ESTADODESPACHO%TYPE,
p_id_usuario DESPACHO.ID_USUARIO%TYPE
);
procedure sp_modificar(
p_direccion DESPACHO.DIRECCION%TYPE,
p_fechacreacion DESPACHO.FECHAENTREGA%TYPE,
p_id_tipodespacho DESPACHO.ID_TIPODESPACHO%TYPE,
p_id_estadodespacho DESPACHO.ID_ESTADODESPACHO%TYPE,
p_id_usuario DESPACHO.ID_USUARIO%TYPE,
p_id_despacho DESPACHO.ID_DESPACHO%TYPE
);

procedure sp_existedespacho(p_id_despacho INT, pcursor out sys_refcursor);
procedure sp_listar(pcursor out SYS_REFCURSOR);

END PKG_DESPACHO;

/
--------------------------------------------------------
--  DDL for Package PKG_ESTADODESPACHO
--------------------------------------------------------

  CREATE OR REPLACE PACKAGE "MASTERBIKES2"."PKG_ESTADODESPACHO" AS 
procedure sp_listar(pcursor out SYS_REFCURSOR);
END PKG_ESTADODESPACHO;

/
--------------------------------------------------------
--  DDL for Package PKG_MARCA
--------------------------------------------------------

  CREATE OR REPLACE PACKAGE "MASTERBIKES2"."PKG_MARCA" AS 
procedure sp_listar(pcursor out SYS_REFCURSOR);
END PKG_MARCA;

/
--------------------------------------------------------
--  DDL for Package PKG_MODELO
--------------------------------------------------------

  CREATE OR REPLACE PACKAGE "MASTERBIKES2"."PKG_MODELO" AS 
procedure sp_listar(pcursor out SYS_REFCURSOR);
END PKG_MODELO;

/
--------------------------------------------------------
--  DDL for Package PKG_PROVEEDOR
--------------------------------------------------------

  CREATE OR REPLACE PACKAGE "MASTERBIKES2"."PKG_PROVEEDOR" AS 

procedure sp_guardar(
p_nombre PROVEEDOR.NOMBRE%TYPE,
p_id_usuario PROVEEDOR.ID_USUARIO%TYPE
);
procedure sp_modificar(
p_nombre PROVEEDOR.NOMBRE%TYPE,
p_id_usuario PROVEEDOR.ID_USUARIO%TYPE,
p_id_proveedor PROVEEDOR.ID_PROVEEDOR%TYPE
);
procedure sp_eliminar(p_id_proveedor PROVEEDOR.ID_PROVEEDOR%TYPE);
procedure sp_existeproveedor(p_id_proveedor INT, pcursor out sys_refcursor);
procedure sp_listar(pcursor out SYS_REFCURSOR);

END PKG_PROVEEDOR;

/
--------------------------------------------------------
--  DDL for Package PKG_SEXO
--------------------------------------------------------

  CREATE OR REPLACE PACKAGE "MASTERBIKES2"."PKG_SEXO" AS 
procedure sp_listar(pcursor out SYS_REFCURSOR);
END PKG_SEXO;


/
--------------------------------------------------------
--  DDL for Package PKG_TIPOBICICLETA
--------------------------------------------------------

  CREATE OR REPLACE PACKAGE "MASTERBIKES2"."PKG_TIPOBICICLETA" AS 
procedure sp_listar(pcursor out SYS_REFCURSOR);
END PKG_TIPOBICICLETA;


/
--------------------------------------------------------
--  DDL for Package PKG_TIPODESPACHO
--------------------------------------------------------

  CREATE OR REPLACE PACKAGE "MASTERBIKES2"."PKG_TIPODESPACHO" AS 
procedure sp_listar(pcursor out SYS_REFCURSOR);
END PKG_TIPODESPACHO;

/
--------------------------------------------------------
--  DDL for Package PKG_TIPOUSUARIO
--------------------------------------------------------

  CREATE OR REPLACE PACKAGE "MASTERBIKES2"."PKG_TIPOUSUARIO" AS 
procedure sp_listar(pcursor out SYS_REFCURSOR);
END PKG_TIPOUSUARIO;

/
--------------------------------------------------------
--  DDL for Package PKG_USUARIO
--------------------------------------------------------

  CREATE OR REPLACE PACKAGE "MASTERBIKES2"."PKG_USUARIO" AS 

procedure sp_login(p_username varchar2, p_password varchar2, pcursor out sys_refcursor );
procedure sp_guardar(
p_rut USUARIO.RUT%TYPE,
p_nombre USUARIO.NOMBRE%TYPE,
p_apellido USUARIO.APELLIDO%TYPE,
p_email USUARIO.EMAIL%TYPE,
p_edad USUARIO.EDAD%TYPE,
p_direccion USUARIO.DIRECCION%TYPE,
p_username USUARIO.USERNAME%TYPE,
p_password USUARIO.PASSWORD%TYPE,
p_id_comuna USUARIO.ID_COMUNA%TYPE,
p_id_tipoUsuario USUARIO.ID_TIPOUSUARIO%TYPE,
p_id_sexo USUARIO.ID_SEXO%TYPE
);
procedure sp_modificar(
p_rut USUARIO.RUT%TYPE,
p_nombre USUARIO.NOMBRE%TYPE,
p_apellido USUARIO.APELLIDO%TYPE,
p_email USUARIO.EMAIL%TYPE,
p_edad USUARIO.EDAD%TYPE,
p_direccion USUARIO.DIRECCION%TYPE,
p_username USUARIO.USERNAME%TYPE,
p_password USUARIO.PASSWORD%TYPE,
p_id_comuna USUARIO.ID_COMUNA%TYPE,
p_id_tipoUsuario USUARIO.ID_TIPOUSUARIO%TYPE,
p_id_sexo USUARIO.ID_SEXO%TYPE
);
procedure sp_eliminar(p_rut USUARIO.RUT%TYPE);
procedure sp_existeusuario(p_rut varchar2, pcursor out sys_refcursor);
procedure sp_listar(pcursor out SYS_REFCURSOR);
procedure sp_listaridusuario(pcursor out SYS_REFCURSOR);
END PKG_USUARIO;

/
--------------------------------------------------------
--  DDL for Package USUARIO_PKG
--------------------------------------------------------

  CREATE OR REPLACE PACKAGE "MASTERBIKES2"."USUARIO_PKG" AS 

procedure proc_obtener_loginCliente(p_username varchar2, p_password varchar2, pcursor out sys_refcursor );
procedure proc_validar_usuario(p_nombre_usuario varchar2, pcursor out sys_refcursor );

END USUARIO_PKG;


/
--------------------------------------------------------
--  DDL for Package Body ACTUALIZAR_PKG
--------------------------------------------------------

  CREATE OR REPLACE PACKAGE BODY "MASTERBIKES2"."ACTUALIZAR_PKG" AS

  PROCEDURE  ACTUALIZAR_USUARIO
(
  p_rut_usuario USUARIO.RUT%TYPE,
  p_nombres_usuario USUARIO.NOMBRE%TYPE,
  p_apellido_usuario USUARIO.APELLIDO%TYPE,
  p_email_usuario USUARIO.EMAIL%TYPE,
  p_edad_usuario USUARIO.EDAD%TYPE,
  p_dirección_usuario USUARIO.DIRECCION%TYPE,
  p_username_usuario USUARIO.USERNAME%TYPE,
  p_password_usuario USUARIO.PASSWORD%TYPE,
  p_id_comuna USUARIO.ID_COMUNA%TYPE,
  p_id_tipousuario USUARIO.ID_TIPOUSUARIO%TYPE,
  p_id_sexo_usuario USUARIO.ID_SEXO%TYPE,
  p_id_usuario USUARIO.ID_USUARIO%TYPE
 
) AS
  BEGIN
    UPDATE USUARIO
    SET RUT=p_rut_usuario, NOMBRE=p_nombres_usuario,APELLIDO=p_apellido_usuario,
        EMAIL=p_email_usuario,EDAD=p_edad_usuario, DIRECCION=p_dirección_usuario,
        USERNAME=p_username_usuario,PASSWORD=p_password_usuario,ID_COMUNA=p_id_comuna,
        ID_TIPOUSUARIO=p_id_tipousuario,ID_SEXO=p_id_sexo_usuario
    WHERE ID_USUARIO=p_id_usuario; 
  END ACTUALIZAR_USUARIO;

  PROCEDURE ACTUALIZAR_ESTADO_REPARACION
(
  p_estado REPARACION.ID_ESTADOREPARACION%TYPE,
  p_id_reparacion REPARACION.ID_REPARACION%TYPE
)AS
BEGIN
    UPDATE REPARACION
    SET ID_ESTADOREPARACION=p_estado
    WHERE ID_REPARACION=p_id_reparacion;
END ACTUALIZAR_ESTADO_REPARACION;

END ACTUALIZAR_PKG;


/
--------------------------------------------------------
--  DDL for Package Body AGREGAR_ARRIENDO
--------------------------------------------------------

  CREATE OR REPLACE PACKAGE BODY "MASTERBIKES2"."AGREGAR_ARRIENDO" AS

  PROCEDURE  INGRESAR_ARRIENDO
(
 p_fecha_inicio ARRIENDO.FECHAINICIO%TYPE,
 p_fecha_fin ARRIENDO.FECHAFIN%TYPE,
 p_deposito ARRIENDO.DEPOSITOGARANTIA%TYPE,
 p_id_cliente ARRIENDO.ID_USUARIO%TYPE,
 p_id_bicicleta ARRIENDO.ID_ARRIENDO%TYPE,
 p_id_pago ARRIENDO.ID_FORMAPAGO%TYPE
) AS
  BEGIN
    INSERT INTO ARRIENDO(FECHAINICIO,FECHAFIN,DEPOSITOGARANTIA,ID_USUARIO,ID_BICICLETA,ID_FORMAPAGO)
    VALUES(p_fecha_inicio,p_fecha_fin,p_deposito,p_id_cliente,p_id_bicicleta,p_id_pago);
  END INGRESAR_ARRIENDO;

END AGREGAR_ARRIENDO;


/
--------------------------------------------------------
--  DDL for Package Body AGREGAR_PKG
--------------------------------------------------------

  CREATE OR REPLACE PACKAGE BODY "MASTERBIKES2"."AGREGAR_PKG" AS

  PROCEDURE  AGREGAR_USUARIO 
(
  p_rut_usuario USUARIO.RUT%TYPE,
  p_nombres_usuario USUARIO.NOMBRE%TYPE,
  p_apellido_usuario USUARIO.APELLIDO%TYPE,
  p_email_usuario USUARIO.EMAIL%TYPE,
  p_edad_usuario USUARIO.EDAD%TYPE,
  p_dirección_usuario USUARIO.DIRECCION%TYPE,
  p_username_usuario USUARIO.USERNAME%TYPE,
  p_password_usuario USUARIO.PASSWORD%TYPE,
  p_id_comuna USUARIO.ID_COMUNA%TYPE,
  p_id_sexo_usuario USUARIO.ID_SEXO%TYPE,
  p_id_tipousuario USUARIO.ID_TIPOUSUARIO%TYPE
) AS
  BEGIN
    INSERT INTO USUARIO (RUT,NOMBRE,APELLIDO,EMAIL,EDAD,DIRECCION,USERNAME,PASSWORD,ID_COMUNA,ID_SEXO,ID_TIPOUSUARIO)
    VALUES(p_rut_usuario,p_nombres_usuario,p_apellido_usuario,p_email_usuario,p_edad_usuario,
    p_dirección_usuario,p_username_usuario,p_password_usuario,p_id_comuna,p_id_sexo_usuario,p_id_tipousuario);
  END AGREGAR_USUARIO;




  PROCEDURE  AGREGAR_SOLICITUD_REPARACION
(
  p_descripcion REPARACION.DESCRIPCION%TYPE,
  p_id_cliente REPARACION.ID_USUARIO%TYPE
) AS
  BEGIN
    INSERT INTO REPARACION(DESCRIPCION, FECHA,ID_USUARIO,ID_ESTADOREPARACION)
    VALUES (p_descripcion,SYSDATE,p_id_cliente,1);
  END AGREGAR_SOLICITUD_REPARACION;

END AGREGAR_PKG;


/
--------------------------------------------------------
--  DDL for Package Body BUSCAR_PKG
--------------------------------------------------------

  CREATE OR REPLACE PACKAGE BODY "MASTERBIKES2"."BUSCAR_PKG" AS

  PROCEDURE  BUSCAR_USUARIO
(
    
  p_id_usuario USUARIO.ID_USUARIO%TYPE,
  pcursor out sys_refcursor
) AS
  BEGIN
    OPEN pcursor FOR
    SELECT U.ID_USUARIO,U.RUT,U.NOMBRE,U.APELLIDO,U.DIRECCION,U.EMAIL,U.EDAD,U.ID_SEXO,U.PASSWORD,U.USERNAME,C.NOMBRE
    FROM USUARIO U , COMUNA C
    WHERE C.ID_COMUNA=U.ID_COMUNA  AND ID_USUARIO=p_id_usuario;
  END BUSCAR_USUARIO;

  PROCEDURE  HISTORIAL_MANTENCIONES
(
  p_id_usuario REPARACION.ID_USUARIO%TYPE,
  pcursor out sys_refcursor
) AS
  BEGIN
  OPEN pcursor FOR
     SELECT R.ID_REPARACION, R.DESCRIPCION,R.FECHA,E.NOMBRE 
     FROM REPARACION R, ESTADOREPARACION E
     WHERE E.ID_ESTADOREPARACION=R.ID_ESTADOREPARACION AND R.ID_USUARIO=p_id_usuario AND E.ID_ESTADOREPARACION=4;
  END HISTORIAL_MANTENCIONES;

    PROCEDURE  SEGUIMIENTO_REPARACION
(
  p_id_usuario REPARACION.ID_USUARIO%TYPE,
  pcursor out sys_refcursor
) AS
  BEGIN
  OPEN pcursor FOR
     SELECT R.ID_REPARACION, R.DESCRIPCION,R.FECHA,E.NOMBRE 
     FROM REPARACION R, ESTADOREPARACION E
     WHERE E.ID_ESTADOREPARACION=R.ID_ESTADOREPARACION AND R.ID_USUARIO=p_id_usuario AND E.ID_ESTADOREPARACION <> 4;
  END SEGUIMIENTO_REPARACION;


    PROCEDURE  MOSTRAR_BICICLETA
(
  p_promocion BICICLETA.ENPROMOCION%TYPE,
  pcursor out sys_refcursor
) AS
  BEGIN
  OPEN pcursor FOR
    SELECT B.PRECIO,B.IMAGEN,M.NOMBRE,MA.NOMBRE_MARCA
    FROM BICICLETA B, MODELO M, MARCA MA 
    WHERE B.ID_MODELO=M.ID_MODELO AND MA.ID_MARCA = B.ID_MARCA AND ENPROMOCION=1;
  END MOSTRAR_BICICLETA;

  PROCEDURE  OBTENER_BICICLETA
(
    pcursor out sys_refcursor
) AS
  BEGIN
  OPEN pcursor FOR
    SELECT B.ID_BICICLETA,B.IMAGEN,M.ID_MODELO,M.NOMBRE
    FROM BICICLETA B, MODELO M
    WHERE B.ID_MODELO= M.ID_MODELO;
  END OBTENER_BICICLETA;

   PROCEDURE  MOSTRAR_PAGO
(
  pcursor out sys_refcursor
)AS
BEGIN
OPEN pcursor FOR
    SELECT *
    FROM PAGO;
END MOSTRAR_PAGO;

PROCEDURE SEGUIMIENTO_PRODUCTO
(
    p_id_usuario USUARIO.ID_USUARIO%TYPE,
    pcursor out sys_refcursor
)AS
BEGIN
OPEN pcursor FOR
    Select D.ID_DESPACHO,D.DIRECCION,D.FECHAENTREGA,T.NOMBRE,E.DESCRIPCION 
    from DESPACHO D,TIPODESPACHO T,ESTADODESPACHO E
    WHERE D.ID_ESTADODESPACHO=E.ID_ESTADODESPACHO AND D.ID_TIPODESPACHO=T.ID_TIPODESPACHO AND D.ID_USUARIO=p_id_usuario;
END SEGUIMIENTO_PRODUCTO;

PROCEDURE  SOLICITUD_REPARACION
(
  pcursor out sys_refcursor
)AS
BEGIN
OPEN pcursor FOR

    SELECT R.ID_REPARACION,R.FECHA,R.DESCRIPCION,U.NOMBRE,U.APELLIDO,U.EMAIL, E.NOMBRE AS ESTADO,U.ID_USUARIO
    FROM REPARACION R, USUARIO U,ESTADOREPARACION E
    WHERE R.ID_USUARIO=U.ID_USUARIO AND E.ID_ESTADOREPARACION=R.ID_ESTADOREPARACION AND E.NOMBRE='Pendiente' 
    ORDER BY R.ID_REPARACION ASC;

END SOLICITUD_REPARACION;

PROCEDURE  OBTENER_ESTADO_REPARACION
(
  pcursor out sys_refcursor
)AS
BEGIN
OPEN pcursor FOR
    SELECT ID_ESTADOREPARACION,NOMBRE 
    FROM ESTADOREPARACION;
END OBTENER_ESTADO_REPARACION;

PROCEDURE  OBTENER_EMAIL
(
  p_id_reparacion REPARACION.ID_REPARACION%TYPE,  
  pcursor out sys_refcursor
)AS
BEGIN
OPEN pcursor FOR
    SELECT U.EMAIL,E.NOMBRE
    FROM REPARACION R,USUARIO U,ESTADOREPARACION E
    WHERE U.ID_USUARIO=R.ID_USUARIO AND E.ID_ESTADOREPARACION=R.ID_ESTADOREPARACION AND R.ID_REPARACION=1;
END OBTENER_EMAIL;


END BUSCAR_PKG;


/
--------------------------------------------------------
--  DDL for Package Body COMUNA_PKG
--------------------------------------------------------

  CREATE OR REPLACE PACKAGE BODY "MASTERBIKES2"."COMUNA_PKG" AS

  procedure proc_obtener_comuna(pcursor out sys_refcursor) AS
  BEGIN
    OPEN pcursor FOR
    SELECT ID_COMUNA,NOMBRE from Comuna;
  END proc_obtener_comuna;

  procedure proc_obtener_ciudad(pcursor out sys_refcursor) AS
  BEGIN
    OPEN pcursor FOR
    SELECT * from Ciudad;
  END proc_obtener_ciudad;

END COMUNA_PKG;


/
--------------------------------------------------------
--  DDL for Package Body PKG_BICICLETA
--------------------------------------------------------

  CREATE OR REPLACE PACKAGE BODY "MASTERBIKES2"."PKG_BICICLETA" AS 

procedure sp_guardar(
p_id_marca BICICLETA.ID_MARCA%TYPE,
p_id_modelo BICICLETA.ID_MODELO%TYPE,
p_id_tipobicicleta BICICLETA.ID_TIPOBICICLETA%TYPE,
p_precio BICICLETA.PRECIO%TYPE,
p_enpromocion BICICLETA.ENPROMOCION%TYPE,
p_imagen BICICLETA.IMAGEN%TYPE
)AS
BEGIN
    INSERT INTO BICICLETA(ID_MARCA, ID_MODELO, ID_TIPOBICICLETA, PRECIO, ENPROMOCION, IMAGEN)
    VALUES(p_id_marca, p_id_modelo, p_id_tipobicicleta, p_precio, p_enpromocion, p_imagen);
END sp_guardar;


procedure sp_modificar(
p_id_marca BICICLETA.ID_MARCA%TYPE,
p_id_modelo BICICLETA.ID_MODELO%TYPE,
p_id_tipobicicleta BICICLETA.ID_TIPOBICICLETA%TYPE,
p_precio BICICLETA.PRECIO%TYPE,
p_enpromocion BICICLETA.ENPROMOCION%TYPE,
p_imagen BICICLETA.IMAGEN%TYPE,
p_id_bicicleta BICICLETA.ID_BICICLETA%TYPE
)AS
BEGIN
    UPDATE BICICLETA SET
    ID_MARCA = p_id_marca,
    ID_MODELO = p_id_modelo,
    ID_TIPOBICICLETA = p_id_tipobicicleta,
    PRECIO = p_precio,
    ENPROMOCION = p_enpromocion,
    IMAGEN = p_imagen
    WHERE ID_BICICLETA = p_id_bicicleta;    
END sp_modificar;

procedure sp_eliminar(p_id_bicicleta BICICLETA.ID_BICICLETA%TYPE)AS
BEGIN
    DELETE FROM BICICLETA WHERE ID_BICICLETA=p_id_bicicleta;
END sp_eliminar;

procedure sp_existebicicleta(p_id_bicicleta INT, pcursor out sys_refcursor)AS
BEGIN
    OPEN pcursor FOR
    SELECT ID_BICICLETA FROM BICICLETA WHERE ID_BICICLETA=p_id_bicicleta;
END sp_existebicicleta;

procedure sp_listar(pcursor out SYS_REFCURSOR)AS
BEGIN
    OPEN pcursor FOR
    SELECT B.ID_BICICLETA, TB.NOMBRE AS TIPO_BICICLETA, M.NOMBRE_MARCA AS MARCA, MO.NOMBRE AS MODELO, B.PRECIO, B.ENPROMOCION, B.IMAGEN FROM BICICLETA B
    INNER JOIN TIPOBICICLETA TB ON TB.ID_TIPOBICICLETA = B.ID_TIPOBICICLETA
    INNER JOIN MARCA M ON M.ID_MARCA = B.ID_MARCA
    INNER JOIN MODELO MO ON MO.ID_MODELO = B.ID_MODELO;
END sp_listar;

END PKG_BICICLETA;

/
--------------------------------------------------------
--  DDL for Package Body PKG_COMUNA
--------------------------------------------------------

  CREATE OR REPLACE PACKAGE BODY "MASTERBIKES2"."PKG_COMUNA" AS

PROCEDURE sp_listar(pcursor out SYS_REFCURSOR)AS
BEGIN
    OPEN pcursor FOR
    SELECT ID_COMUNA,NOMBRE FROM COMUNA;
END sp_listar;

END PKG_COMUNA;

/
--------------------------------------------------------
--  DDL for Package Body PKG_DESPACHO
--------------------------------------------------------

  CREATE OR REPLACE PACKAGE BODY "MASTERBIKES2"."PKG_DESPACHO" AS 

procedure sp_guardar(
p_direccion DESPACHO.DIRECCION%TYPE,
p_fechacreacion DESPACHO.FECHAENTREGA%TYPE,
p_id_tipodespacho DESPACHO.ID_TIPODESPACHO%TYPE,
p_id_estadodespacho DESPACHO.ID_ESTADODESPACHO%TYPE,
p_id_usuario DESPACHO.ID_USUARIO%TYPE
)AS
BEGIN
INSERT INTO DESPACHO(DIRECCION,FECHAENTREGA,ID_TIPODESPACHO,ID_ESTADODESPACHO,ID_USUARIO)
VALUES(p_direccion, p_fechacreacion, p_id_tipodespacho, p_id_estadodespacho, p_id_usuario);
END sp_guardar;

procedure sp_modificar(
p_direccion DESPACHO.DIRECCION%TYPE,
p_fechacreacion DESPACHO.FECHAENTREGA%TYPE,
p_id_tipodespacho DESPACHO.ID_TIPODESPACHO%TYPE,
p_id_estadodespacho DESPACHO.ID_ESTADODESPACHO%TYPE,
p_id_usuario DESPACHO.ID_USUARIO%TYPE,
p_id_despacho DESPACHO.ID_DESPACHO%TYPE
)AS
BEGIN
UPDATE DESPACHO SET
DIRECCION = p_direccion,
FECHAENTREGA = p_fechacreacion,
ID_TIPODESPACHO =  p_id_tipodespacho,
ID_ESTADODESPACHO = p_id_estadodespacho,
ID_USUARIO = p_id_usuario
WHERE ID_DESPACHO = p_id_despacho;
END sp_modificar;

procedure sp_existedespacho(p_id_despacho INT, pcursor out sys_refcursor)AS
BEGIN
OPEN pcursor FOR
SELECT ID_DESPACHO FROM DESPACHO WHERE ID_DESPACHO=p_id_despacho;
END sp_existedespacho;

procedure sp_listar(pcursor out SYS_REFCURSOR)AS
BEGIN
OPEN pcursor FOR
SELECT D.ID_DESPACHO, D.DIRECCION, D.FECHAENTREGA, TD.NOMBRE AS TIPO_DESPACHO, ED.DESCRIPCION AS ESTADO_DESPACHO, D.ID_USUARIO FROM DESPACHO D
INNER JOIN TIPODESPACHO TD ON TD.ID_TIPODESPACHO = D.ID_TIPODESPACHO
INNER JOIN ESTADODESPACHO ED ON ED.ID_ESTADODESPACHO = D.ID_ESTADODESPACHO;
END sp_listar;

END PKG_DESPACHO;

/
--------------------------------------------------------
--  DDL for Package Body PKG_ESTADODESPACHO
--------------------------------------------------------

  CREATE OR REPLACE PACKAGE BODY "MASTERBIKES2"."PKG_ESTADODESPACHO" AS 
procedure sp_listar(pcursor out SYS_REFCURSOR)AS
BEGIN
OPEN pcursor FOR
SELECT ID_ESTADODESPACHO, DESCRIPCION FROM ESTADODESPACHO;
END sp_listar;
END PKG_ESTADODESPACHO;

/
--------------------------------------------------------
--  DDL for Package Body PKG_MARCA
--------------------------------------------------------

  CREATE OR REPLACE PACKAGE BODY "MASTERBIKES2"."PKG_MARCA" AS

PROCEDURE sp_listar(pcursor out SYS_REFCURSOR)AS
BEGIN
    OPEN pcursor FOR
    SELECT ID_MARCA,NOMBRE_MARCA FROM MARCA;
END sp_listar;

END PKG_MARCA;

/
--------------------------------------------------------
--  DDL for Package Body PKG_MODELO
--------------------------------------------------------

  CREATE OR REPLACE PACKAGE BODY "MASTERBIKES2"."PKG_MODELO" AS

PROCEDURE sp_listar(pcursor out SYS_REFCURSOR)AS
BEGIN
    OPEN pcursor FOR
    SELECT ID_MODELO,NOMBRE FROM MODELO;
END sp_listar;

END PKG_MODELO;

/
--------------------------------------------------------
--  DDL for Package Body PKG_PROVEEDOR
--------------------------------------------------------

  CREATE OR REPLACE PACKAGE BODY "MASTERBIKES2"."PKG_PROVEEDOR" AS 

procedure sp_guardar(
p_nombre PROVEEDOR.NOMBRE%TYPE,
p_id_usuario PROVEEDOR.ID_USUARIO%TYPE
)AS
BEGIN
INSERT INTO PROVEEDOR(NOMBRE,ID_USUARIO) VALUES(p_nombre,p_id_usuario);
END sp_guardar;

procedure sp_modificar(
p_nombre PROVEEDOR.NOMBRE%TYPE,
p_id_usuario PROVEEDOR.ID_USUARIO%TYPE,
p_id_proveedor PROVEEDOR.ID_PROVEEDOR%TYPE
)AS
BEGIN
UPDATE PROVEEDOR SET NOMBRE=p_nombre, ID_USUARIO= p_id_usuario WHERE ID_PROVEEDOR = p_id_proveedor;
END sp_modificar;

procedure sp_eliminar(p_id_proveedor PROVEEDOR.ID_PROVEEDOR%TYPE)AS
BEGIN
DELETE FROM PROVEEDOR WHERE ID_PROVEEDOR = p_id_proveedor;
END sp_eliminar;

procedure sp_existeproveedor(p_id_proveedor INT, pcursor out sys_refcursor)AS
BEGIN
OPEN pcursor FOR
SELECT ID_PROVEEDOR FROM PROVEEDOR WHERE ID_PROVEEDOR = p_id_proveedor;
END sp_existeproveedor;

procedure sp_listar(pcursor out SYS_REFCURSOR)AS
BEGIN
OPEN pcursor FOR
SELECT ID_PROVEEDOR, NOMBRE, ID_USUARIO FROM PROVEEDOR;
END sp_listar;

END PKG_PROVEEDOR;

/
--------------------------------------------------------
--  DDL for Package Body PKG_SEXO
--------------------------------------------------------

  CREATE OR REPLACE PACKAGE BODY "MASTERBIKES2"."PKG_SEXO" AS

PROCEDURE sp_listar(pcursor out SYS_REFCURSOR)AS
BEGIN
    OPEN pcursor FOR
    SELECT ID_SEXO,NOMBRE FROM SEXO;
END sp_listar;

END PKG_SEXO;

/
--------------------------------------------------------
--  DDL for Package Body PKG_TIPOBICICLETA
--------------------------------------------------------

  CREATE OR REPLACE PACKAGE BODY "MASTERBIKES2"."PKG_TIPOBICICLETA" AS

PROCEDURE sp_listar(pcursor out SYS_REFCURSOR)AS
BEGIN
    OPEN pcursor FOR
    SELECT ID_TIPOBICICLETA,NOMBRE FROM TIPOBICICLETA;
END sp_listar;

END PKG_TIPOBICICLETA;

/
--------------------------------------------------------
--  DDL for Package Body PKG_TIPODESPACHO
--------------------------------------------------------

  CREATE OR REPLACE PACKAGE BODY "MASTERBIKES2"."PKG_TIPODESPACHO" AS 
procedure sp_listar(pcursor out SYS_REFCURSOR)AS
BEGIN
OPEN pcursor FOR
SELECT ID_TIPODESPACHO,NOMBRE FROM TIPODESPACHO;
END sp_listar;
END PKG_TIPODESPACHO;

/
--------------------------------------------------------
--  DDL for Package Body PKG_TIPOUSUARIO
--------------------------------------------------------

  CREATE OR REPLACE PACKAGE BODY "MASTERBIKES2"."PKG_TIPOUSUARIO" AS

PROCEDURE sp_listar(pcursor out SYS_REFCURSOR)AS
BEGIN
    OPEN pcursor FOR
    SELECT ID_TIPOUSUARIO,NOMBRE FROM TIPOUSUARIO;
END sp_listar;

END PKG_TIPOUSUARIO;

/
--------------------------------------------------------
--  DDL for Package Body PKG_USUARIO
--------------------------------------------------------

  CREATE OR REPLACE PACKAGE BODY "MASTERBIKES2"."PKG_USUARIO" AS

  procedure sp_login(p_username varchar2, p_password varchar2, pcursor out sys_refcursor ) AS
  BEGIN
        OPEN pcursor FOR
        SELECT  PASSWORD,USERNAME,ID_TIPOUSUARIO
        FROM USUARIO
        WHERE PASSWORD=p_password and USERNAME=p_username and ID_TIPOUSUARIO = 1;
  END sp_login;

procedure sp_guardar(
p_rut USUARIO.RUT%TYPE,
p_nombre USUARIO.NOMBRE%TYPE,
p_apellido USUARIO.APELLIDO%TYPE,
p_email USUARIO.EMAIL%TYPE,
p_edad USUARIO.EDAD%TYPE,
p_direccion USUARIO.DIRECCION%TYPE,
p_username USUARIO.USERNAME%TYPE,
p_password USUARIO.PASSWORD%TYPE,
p_id_comuna USUARIO.ID_COMUNA%TYPE,
p_id_tipoUsuario USUARIO.ID_TIPOUSUARIO%TYPE,
p_id_sexo USUARIO.ID_SEXO%TYPE
)AS
BEGIN
    INSERT INTO USUARIO(RUT,NOMBRE,APELLIDO,EMAIL,EDAD,DIRECCION,USERNAME,PASSWORD,ID_COMUNA,ID_TIPOUSUARIO,ID_SEXO)
    VALUES(p_rut,p_nombre, p_apellido, p_email, p_edad, p_direccion, p_username, p_password, p_id_comuna, p_id_tipoUsuario, p_id_sexo);
END sp_guardar;


procedure sp_modificar(
p_rut USUARIO.RUT%TYPE,
p_nombre USUARIO.NOMBRE%TYPE,
p_apellido USUARIO.APELLIDO%TYPE,
p_email USUARIO.EMAIL%TYPE,
p_edad USUARIO.EDAD%TYPE,
p_direccion USUARIO.DIRECCION%TYPE,
p_username USUARIO.USERNAME%TYPE,
p_password USUARIO.PASSWORD%TYPE,
p_id_comuna USUARIO.ID_COMUNA%TYPE,
p_id_tipoUsuario USUARIO.ID_TIPOUSUARIO%TYPE,
p_id_sexo USUARIO.ID_SEXO%TYPE
)AS
BEGIN
    UPDATE USUARIO SET
    NOMBRE = p_nombre,
    APELLIDO = p_apellido,
    EMAIL = p_email,
    EDAD = p_edad,
    DIRECCION = p_direccion,
    USERNAME = p_username,
    PASSWORD = p_password,
    ID_COMUNA = p_id_comuna,
    ID_TIPOUSUARIO = p_id_tipoUsuario,
    ID_SEXO = p_id_sexo
    WHERE RUT = p_rut;
END sp_modificar;

procedure sp_eliminar(p_rut USUARIO.RUT%TYPE)AS
BEGIN
    DELETE FROM USUARIO WHERE RUT=p_rut;
END sp_eliminar;

procedure sp_existeusuario(p_rut varchar2, pcursor out sys_refcursor)AS
BEGIN 
    OPEN pcursor FOR
    SELECT RUT FROM USUARIO WHERE RUT=p_rut;
END sp_existeusuario;

procedure sp_listar(pcursor out SYS_REFCURSOR)as
BEGIN
    OPEN pcursor FOR
    SELECT U.RUT, U.NOMBRE, U.APELLIDO, U.EMAIL, U.EDAD, U.DIRECCION, U.USERNAME, U.PASSWORD, C.NOMBRE AS COMUNA, T.NOMBRE AS TIPO_USUARIO, S.NOMBRE AS SEXO FROM USUARIO U
    INNER JOIN COMUNA C ON C.ID_COMUNA = U.ID_COMUNA
    INNER JOIN TIPOUSUARIO T ON T.ID_TIPOUSUARIO = U.ID_TIPOUSUARIO
    INNER JOIN SEXO S ON S.ID_SEXO = U.ID_SEXO;
END sp_listar;

procedure sp_listaridusuario(pcursor out SYS_REFCURSOR)AS
BEGIN
OPEN pcursor FOR
SELECT ID_USUARIO FROM USUARIO;
END sp_listaridusuario;
END PKG_USUARIO;

/
--------------------------------------------------------
--  DDL for Package Body USUARIO_PKG
--------------------------------------------------------

  CREATE OR REPLACE PACKAGE BODY "MASTERBIKES2"."USUARIO_PKG" AS

  procedure proc_obtener_loginCliente(p_username varchar2, p_password varchar2, pcursor out sys_refcursor ) AS
  BEGIN
     OPEN pcursor FOR
        SELECT  ID_USUARIO,RUT,NOMBRE,APELLIDO,DIRECCION,EMAIL,EDAD,PASSWORD,USERNAME,ID_TIPOUSUARIO
        FROM USUARIO
        WHERE PASSWORD=p_password and USERNAME=p_username;  
  END proc_obtener_loginCliente;

  procedure proc_validar_usuario(p_nombre_usuario varchar2, pcursor out sys_refcursor ) AS
  BEGIN
    OPEN pcursor FOR
        SELECT  ID_USUARIO,RUT,NOMBRE,APELLIDO,DIRECCION,EMAIL,EDAD,PASSWORD,USERNAME,ID_TIPOUSUARIO
        FROM USUARIO
        WHERE USERNAME=p_nombre_usuario; 
  END proc_validar_usuario;

END USUARIO_PKG;


/
--------------------------------------------------------
--  Constraints for Table ARRIENDO
--------------------------------------------------------

  ALTER TABLE "MASTERBIKES2"."ARRIENDO" MODIFY ("ID_ARRIENDO" NOT NULL ENABLE);
  ALTER TABLE "MASTERBIKES2"."ARRIENDO" MODIFY ("FECHAINICIO" NOT NULL ENABLE);
  ALTER TABLE "MASTERBIKES2"."ARRIENDO" MODIFY ("FECHAFIN" NOT NULL ENABLE);
  ALTER TABLE "MASTERBIKES2"."ARRIENDO" MODIFY ("DEPOSITOGARANTIA" NOT NULL ENABLE);
  ALTER TABLE "MASTERBIKES2"."ARRIENDO" MODIFY ("ID_USUARIO" NOT NULL ENABLE);
  ALTER TABLE "MASTERBIKES2"."ARRIENDO" MODIFY ("ID_BICICLETA" NOT NULL ENABLE);
  ALTER TABLE "MASTERBIKES2"."ARRIENDO" MODIFY ("ID_FORMAPAGO" NOT NULL ENABLE);
  ALTER TABLE "MASTERBIKES2"."ARRIENDO" ADD CONSTRAINT "ARRIENDO_PK" PRIMARY KEY ("ID_ARRIENDO")
  USING INDEX PCTFREE 10 INITRANS 2 MAXTRANS 255 COMPUTE STATISTICS 
  STORAGE(INITIAL 65536 NEXT 1048576 MINEXTENTS 1 MAXEXTENTS 2147483645
  PCTINCREASE 0 FREELISTS 1 FREELIST GROUPS 1 BUFFER_POOL DEFAULT FLASH_CACHE DEFAULT CELL_FLASH_CACHE DEFAULT)
  TABLESPACE "USERS"  ENABLE;
--------------------------------------------------------
--  Constraints for Table BICICLETA
--------------------------------------------------------

  ALTER TABLE "MASTERBIKES2"."BICICLETA" MODIFY ("ID_BICICLETA" NOT NULL ENABLE);
  ALTER TABLE "MASTERBIKES2"."BICICLETA" MODIFY ("ID_TIPOBICICLETA" NOT NULL ENABLE);
  ALTER TABLE "MASTERBIKES2"."BICICLETA" MODIFY ("ID_MARCA" NOT NULL ENABLE);
  ALTER TABLE "MASTERBIKES2"."BICICLETA" MODIFY ("ID_MODELO" NOT NULL ENABLE);
  ALTER TABLE "MASTERBIKES2"."BICICLETA" MODIFY ("PRECIO" NOT NULL ENABLE);
  ALTER TABLE "MASTERBIKES2"."BICICLETA" ADD CONSTRAINT "BICICLETA_PK" PRIMARY KEY ("ID_BICICLETA")
  USING INDEX PCTFREE 10 INITRANS 2 MAXTRANS 255 COMPUTE STATISTICS 
  STORAGE(INITIAL 65536 NEXT 1048576 MINEXTENTS 1 MAXEXTENTS 2147483645
  PCTINCREASE 0 FREELISTS 1 FREELIST GROUPS 1 BUFFER_POOL DEFAULT FLASH_CACHE DEFAULT CELL_FLASH_CACHE DEFAULT)
  TABLESPACE "USERS"  ENABLE;
--------------------------------------------------------
--  Constraints for Table CIUDAD
--------------------------------------------------------

  ALTER TABLE "MASTERBIKES2"."CIUDAD" MODIFY ("ID_CIUDAD" NOT NULL ENABLE);
  ALTER TABLE "MASTERBIKES2"."CIUDAD" MODIFY ("NOMBRE" NOT NULL ENABLE);
  ALTER TABLE "MASTERBIKES2"."CIUDAD" ADD CONSTRAINT "CIUDAD_PK" PRIMARY KEY ("ID_CIUDAD")
  USING INDEX PCTFREE 10 INITRANS 2 MAXTRANS 255 COMPUTE STATISTICS 
  STORAGE(INITIAL 65536 NEXT 1048576 MINEXTENTS 1 MAXEXTENTS 2147483645
  PCTINCREASE 0 FREELISTS 1 FREELIST GROUPS 1 BUFFER_POOL DEFAULT FLASH_CACHE DEFAULT CELL_FLASH_CACHE DEFAULT)
  TABLESPACE "USERS"  ENABLE;
--------------------------------------------------------
--  Constraints for Table COMUNA
--------------------------------------------------------

  ALTER TABLE "MASTERBIKES2"."COMUNA" MODIFY ("ID_COMUNA" NOT NULL ENABLE);
  ALTER TABLE "MASTERBIKES2"."COMUNA" MODIFY ("ID_CIUDAD" NOT NULL ENABLE);
  ALTER TABLE "MASTERBIKES2"."COMUNA" ADD CONSTRAINT "COMUNA_PK" PRIMARY KEY ("ID_COMUNA")
  USING INDEX PCTFREE 10 INITRANS 2 MAXTRANS 255 COMPUTE STATISTICS 
  STORAGE(INITIAL 65536 NEXT 1048576 MINEXTENTS 1 MAXEXTENTS 2147483645
  PCTINCREASE 0 FREELISTS 1 FREELIST GROUPS 1 BUFFER_POOL DEFAULT FLASH_CACHE DEFAULT CELL_FLASH_CACHE DEFAULT)
  TABLESPACE "USERS"  ENABLE;
--------------------------------------------------------
--  Constraints for Table DESPACHO
--------------------------------------------------------

  ALTER TABLE "MASTERBIKES2"."DESPACHO" MODIFY ("ID_DESPACHO" NOT NULL ENABLE);
  ALTER TABLE "MASTERBIKES2"."DESPACHO" MODIFY ("FECHAENTREGA" NOT NULL ENABLE);
  ALTER TABLE "MASTERBIKES2"."DESPACHO" MODIFY ("ID_TIPODESPACHO" NOT NULL ENABLE);
  ALTER TABLE "MASTERBIKES2"."DESPACHO" MODIFY ("ID_ESTADODESPACHO" NOT NULL ENABLE);
  ALTER TABLE "MASTERBIKES2"."DESPACHO" MODIFY ("ID_USUARIO" NOT NULL ENABLE);
  ALTER TABLE "MASTERBIKES2"."DESPACHO" ADD CONSTRAINT "DESPACHO_PK" PRIMARY KEY ("ID_DESPACHO")
  USING INDEX PCTFREE 10 INITRANS 2 MAXTRANS 255 COMPUTE STATISTICS 
  STORAGE(INITIAL 65536 NEXT 1048576 MINEXTENTS 1 MAXEXTENTS 2147483645
  PCTINCREASE 0 FREELISTS 1 FREELIST GROUPS 1 BUFFER_POOL DEFAULT FLASH_CACHE DEFAULT CELL_FLASH_CACHE DEFAULT)
  TABLESPACE "USERS"  ENABLE;
--------------------------------------------------------
--  Constraints for Table ESTADODESPACHO
--------------------------------------------------------

  ALTER TABLE "MASTERBIKES2"."ESTADODESPACHO" MODIFY ("ID_ESTADODESPACHO" NOT NULL ENABLE);
  ALTER TABLE "MASTERBIKES2"."ESTADODESPACHO" MODIFY ("DESCRIPCION" NOT NULL ENABLE);
  ALTER TABLE "MASTERBIKES2"."ESTADODESPACHO" ADD CONSTRAINT "ESTADODESPACHO_PK" PRIMARY KEY ("ID_ESTADODESPACHO")
  USING INDEX PCTFREE 10 INITRANS 2 MAXTRANS 255 COMPUTE STATISTICS 
  STORAGE(INITIAL 65536 NEXT 1048576 MINEXTENTS 1 MAXEXTENTS 2147483645
  PCTINCREASE 0 FREELISTS 1 FREELIST GROUPS 1 BUFFER_POOL DEFAULT FLASH_CACHE DEFAULT CELL_FLASH_CACHE DEFAULT)
  TABLESPACE "USERS"  ENABLE;
--------------------------------------------------------
--  Constraints for Table ESTADOREPARACION
--------------------------------------------------------

  ALTER TABLE "MASTERBIKES2"."ESTADOREPARACION" MODIFY ("ID_ESTADOREPARACION" NOT NULL ENABLE);
  ALTER TABLE "MASTERBIKES2"."ESTADOREPARACION" MODIFY ("NOMBRE" NOT NULL ENABLE);
  ALTER TABLE "MASTERBIKES2"."ESTADOREPARACION" ADD CONSTRAINT "ESTADOREPARACION_PK" PRIMARY KEY ("ID_ESTADOREPARACION")
  USING INDEX PCTFREE 10 INITRANS 2 MAXTRANS 255 COMPUTE STATISTICS 
  STORAGE(INITIAL 65536 NEXT 1048576 MINEXTENTS 1 MAXEXTENTS 2147483645
  PCTINCREASE 0 FREELISTS 1 FREELIST GROUPS 1 BUFFER_POOL DEFAULT FLASH_CACHE DEFAULT CELL_FLASH_CACHE DEFAULT)
  TABLESPACE "USERS"  ENABLE;
--------------------------------------------------------
--  Constraints for Table MARCA
--------------------------------------------------------

  ALTER TABLE "MASTERBIKES2"."MARCA" MODIFY ("ID_MARCA" NOT NULL ENABLE);
  ALTER TABLE "MASTERBIKES2"."MARCA" MODIFY ("NOMBRE_MARCA" NOT NULL ENABLE);
  ALTER TABLE "MASTERBIKES2"."MARCA" ADD CONSTRAINT "MARCA_PK" PRIMARY KEY ("ID_MARCA")
  USING INDEX PCTFREE 10 INITRANS 2 MAXTRANS 255 COMPUTE STATISTICS 
  STORAGE(INITIAL 65536 NEXT 1048576 MINEXTENTS 1 MAXEXTENTS 2147483645
  PCTINCREASE 0 FREELISTS 1 FREELIST GROUPS 1 BUFFER_POOL DEFAULT FLASH_CACHE DEFAULT CELL_FLASH_CACHE DEFAULT)
  TABLESPACE "USERS"  ENABLE;
--------------------------------------------------------
--  Constraints for Table MODELO
--------------------------------------------------------

  ALTER TABLE "MASTERBIKES2"."MODELO" MODIFY ("ID_MODELO" NOT NULL ENABLE);
  ALTER TABLE "MASTERBIKES2"."MODELO" MODIFY ("NOMBRE" NOT NULL ENABLE);
  ALTER TABLE "MASTERBIKES2"."MODELO" ADD CONSTRAINT "MODELO_PK" PRIMARY KEY ("ID_MODELO")
  USING INDEX PCTFREE 10 INITRANS 2 MAXTRANS 255 COMPUTE STATISTICS 
  STORAGE(INITIAL 65536 NEXT 1048576 MINEXTENTS 1 MAXEXTENTS 2147483645
  PCTINCREASE 0 FREELISTS 1 FREELIST GROUPS 1 BUFFER_POOL DEFAULT FLASH_CACHE DEFAULT CELL_FLASH_CACHE DEFAULT)
  TABLESPACE "USERS"  ENABLE;
--------------------------------------------------------
--  Constraints for Table PAGO
--------------------------------------------------------

  ALTER TABLE "MASTERBIKES2"."PAGO" MODIFY ("ID_FORMAPAGO" NOT NULL ENABLE);
  ALTER TABLE "MASTERBIKES2"."PAGO" MODIFY ("NOMBRE" NOT NULL ENABLE);
  ALTER TABLE "MASTERBIKES2"."PAGO" ADD CONSTRAINT "PAGO_PK" PRIMARY KEY ("ID_FORMAPAGO")
  USING INDEX PCTFREE 10 INITRANS 2 MAXTRANS 255 COMPUTE STATISTICS 
  STORAGE(INITIAL 65536 NEXT 1048576 MINEXTENTS 1 MAXEXTENTS 2147483645
  PCTINCREASE 0 FREELISTS 1 FREELIST GROUPS 1 BUFFER_POOL DEFAULT FLASH_CACHE DEFAULT CELL_FLASH_CACHE DEFAULT)
  TABLESPACE "USERS"  ENABLE;
--------------------------------------------------------
--  Constraints for Table PROVEEDOR
--------------------------------------------------------

  ALTER TABLE "MASTERBIKES2"."PROVEEDOR" MODIFY ("ID_PROVEEDOR" NOT NULL ENABLE);
  ALTER TABLE "MASTERBIKES2"."PROVEEDOR" MODIFY ("NOMBRE" NOT NULL ENABLE);
  ALTER TABLE "MASTERBIKES2"."PROVEEDOR" MODIFY ("ID_USUARIO" NOT NULL ENABLE);
  ALTER TABLE "MASTERBIKES2"."PROVEEDOR" ADD CONSTRAINT "PROVEEDOR_PK" PRIMARY KEY ("ID_PROVEEDOR")
  USING INDEX PCTFREE 10 INITRANS 2 MAXTRANS 255 COMPUTE STATISTICS 
  STORAGE(INITIAL 65536 NEXT 1048576 MINEXTENTS 1 MAXEXTENTS 2147483645
  PCTINCREASE 0 FREELISTS 1 FREELIST GROUPS 1 BUFFER_POOL DEFAULT FLASH_CACHE DEFAULT CELL_FLASH_CACHE DEFAULT)
  TABLESPACE "USERS"  ENABLE;
--------------------------------------------------------
--  Constraints for Table REPARACION
--------------------------------------------------------

  ALTER TABLE "MASTERBIKES2"."REPARACION" MODIFY ("ID_REPARACION" NOT NULL ENABLE);
  ALTER TABLE "MASTERBIKES2"."REPARACION" MODIFY ("DESCRIPCION" NOT NULL ENABLE);
  ALTER TABLE "MASTERBIKES2"."REPARACION" MODIFY ("FECHA" NOT NULL ENABLE);
  ALTER TABLE "MASTERBIKES2"."REPARACION" MODIFY ("ID_USUARIO" NOT NULL ENABLE);
  ALTER TABLE "MASTERBIKES2"."REPARACION" MODIFY ("ID_ESTADOREPARACION" NOT NULL ENABLE);
  ALTER TABLE "MASTERBIKES2"."REPARACION" ADD CONSTRAINT "REPARACION_PK" PRIMARY KEY ("ID_REPARACION")
  USING INDEX PCTFREE 10 INITRANS 2 MAXTRANS 255 COMPUTE STATISTICS 
  STORAGE(INITIAL 65536 NEXT 1048576 MINEXTENTS 1 MAXEXTENTS 2147483645
  PCTINCREASE 0 FREELISTS 1 FREELIST GROUPS 1 BUFFER_POOL DEFAULT FLASH_CACHE DEFAULT CELL_FLASH_CACHE DEFAULT)
  TABLESPACE "USERS"  ENABLE;
--------------------------------------------------------
--  Constraints for Table SEXO
--------------------------------------------------------

  ALTER TABLE "MASTERBIKES2"."SEXO" MODIFY ("ID_SEXO" NOT NULL ENABLE);
  ALTER TABLE "MASTERBIKES2"."SEXO" MODIFY ("NOMBRE" NOT NULL ENABLE);
  ALTER TABLE "MASTERBIKES2"."SEXO" ADD CONSTRAINT "SEXO_PK" PRIMARY KEY ("ID_SEXO")
  USING INDEX PCTFREE 10 INITRANS 2 MAXTRANS 255 COMPUTE STATISTICS 
  STORAGE(INITIAL 65536 NEXT 1048576 MINEXTENTS 1 MAXEXTENTS 2147483645
  PCTINCREASE 0 FREELISTS 1 FREELIST GROUPS 1 BUFFER_POOL DEFAULT FLASH_CACHE DEFAULT CELL_FLASH_CACHE DEFAULT)
  TABLESPACE "USERS"  ENABLE;
--------------------------------------------------------
--  Constraints for Table TIPOBICICLETA
--------------------------------------------------------

  ALTER TABLE "MASTERBIKES2"."TIPOBICICLETA" MODIFY ("ID_TIPOBICICLETA" NOT NULL ENABLE);
  ALTER TABLE "MASTERBIKES2"."TIPOBICICLETA" MODIFY ("NOMBRE" NOT NULL ENABLE);
  ALTER TABLE "MASTERBIKES2"."TIPOBICICLETA" MODIFY ("DESCRIPCION" NOT NULL ENABLE);
  ALTER TABLE "MASTERBIKES2"."TIPOBICICLETA" ADD CONSTRAINT "TIPOBICICLETA_PK" PRIMARY KEY ("ID_TIPOBICICLETA")
  USING INDEX PCTFREE 10 INITRANS 2 MAXTRANS 255 COMPUTE STATISTICS 
  STORAGE(INITIAL 65536 NEXT 1048576 MINEXTENTS 1 MAXEXTENTS 2147483645
  PCTINCREASE 0 FREELISTS 1 FREELIST GROUPS 1 BUFFER_POOL DEFAULT FLASH_CACHE DEFAULT CELL_FLASH_CACHE DEFAULT)
  TABLESPACE "USERS"  ENABLE;
--------------------------------------------------------
--  Constraints for Table TIPODESPACHO
--------------------------------------------------------

  ALTER TABLE "MASTERBIKES2"."TIPODESPACHO" MODIFY ("ID_TIPODESPACHO" NOT NULL ENABLE);
  ALTER TABLE "MASTERBIKES2"."TIPODESPACHO" MODIFY ("NOMBRE" NOT NULL ENABLE);
  ALTER TABLE "MASTERBIKES2"."TIPODESPACHO" ADD CONSTRAINT "TIPODESPACHO_PK" PRIMARY KEY ("ID_TIPODESPACHO")
  USING INDEX PCTFREE 10 INITRANS 2 MAXTRANS 255 COMPUTE STATISTICS 
  STORAGE(INITIAL 65536 NEXT 1048576 MINEXTENTS 1 MAXEXTENTS 2147483645
  PCTINCREASE 0 FREELISTS 1 FREELIST GROUPS 1 BUFFER_POOL DEFAULT FLASH_CACHE DEFAULT CELL_FLASH_CACHE DEFAULT)
  TABLESPACE "USERS"  ENABLE;
--------------------------------------------------------
--  Constraints for Table TIPOUSUARIO
--------------------------------------------------------

  ALTER TABLE "MASTERBIKES2"."TIPOUSUARIO" MODIFY ("ID_TIPOUSUARIO" NOT NULL ENABLE);
  ALTER TABLE "MASTERBIKES2"."TIPOUSUARIO" MODIFY ("NOMBRE" NOT NULL ENABLE);
  ALTER TABLE "MASTERBIKES2"."TIPOUSUARIO" MODIFY ("DESCRIPCION" NOT NULL ENABLE);
  ALTER TABLE "MASTERBIKES2"."TIPOUSUARIO" ADD CONSTRAINT "TIPOUSUARIO_PK" PRIMARY KEY ("ID_TIPOUSUARIO")
  USING INDEX PCTFREE 10 INITRANS 2 MAXTRANS 255 COMPUTE STATISTICS 
  STORAGE(INITIAL 65536 NEXT 1048576 MINEXTENTS 1 MAXEXTENTS 2147483645
  PCTINCREASE 0 FREELISTS 1 FREELIST GROUPS 1 BUFFER_POOL DEFAULT FLASH_CACHE DEFAULT CELL_FLASH_CACHE DEFAULT)
  TABLESPACE "USERS"  ENABLE;
--------------------------------------------------------
--  Constraints for Table USUARIO
--------------------------------------------------------

  ALTER TABLE "MASTERBIKES2"."USUARIO" MODIFY ("ID_USUARIO" NOT NULL ENABLE);
  ALTER TABLE "MASTERBIKES2"."USUARIO" MODIFY ("RUT" NOT NULL ENABLE);
  ALTER TABLE "MASTERBIKES2"."USUARIO" MODIFY ("NOMBRE" NOT NULL ENABLE);
  ALTER TABLE "MASTERBIKES2"."USUARIO" MODIFY ("APELLIDO" NOT NULL ENABLE);
  ALTER TABLE "MASTERBIKES2"."USUARIO" MODIFY ("EMAIL" NOT NULL ENABLE);
  ALTER TABLE "MASTERBIKES2"."USUARIO" MODIFY ("EDAD" NOT NULL ENABLE);
  ALTER TABLE "MASTERBIKES2"."USUARIO" MODIFY ("DIRECCION" NOT NULL ENABLE);
  ALTER TABLE "MASTERBIKES2"."USUARIO" MODIFY ("USERNAME" NOT NULL ENABLE);
  ALTER TABLE "MASTERBIKES2"."USUARIO" MODIFY ("PASSWORD" NOT NULL ENABLE);
  ALTER TABLE "MASTERBIKES2"."USUARIO" MODIFY ("ID_COMUNA" NOT NULL ENABLE);
  ALTER TABLE "MASTERBIKES2"."USUARIO" MODIFY ("ID_TIPOUSUARIO" NOT NULL ENABLE);
  ALTER TABLE "MASTERBIKES2"."USUARIO" MODIFY ("ID_SEXO" NOT NULL ENABLE);
  ALTER TABLE "MASTERBIKES2"."USUARIO" ADD CONSTRAINT "USUARIO_PK" PRIMARY KEY ("ID_USUARIO")
  USING INDEX PCTFREE 10 INITRANS 2 MAXTRANS 255 COMPUTE STATISTICS 
  STORAGE(INITIAL 65536 NEXT 1048576 MINEXTENTS 1 MAXEXTENTS 2147483645
  PCTINCREASE 0 FREELISTS 1 FREELIST GROUPS 1 BUFFER_POOL DEFAULT FLASH_CACHE DEFAULT CELL_FLASH_CACHE DEFAULT)
  TABLESPACE "USERS"  ENABLE;
--------------------------------------------------------
--  Ref Constraints for Table ARRIENDO
--------------------------------------------------------

  ALTER TABLE "MASTERBIKES2"."ARRIENDO" ADD CONSTRAINT "ARRIENDO_BICICLETA_FK" FOREIGN KEY ("ID_BICICLETA")
	  REFERENCES "MASTERBIKES2"."BICICLETA" ("ID_BICICLETA") ENABLE;
  ALTER TABLE "MASTERBIKES2"."ARRIENDO" ADD CONSTRAINT "ARRIENDO_PAGO_FK" FOREIGN KEY ("ID_FORMAPAGO")
	  REFERENCES "MASTERBIKES2"."PAGO" ("ID_FORMAPAGO") ENABLE;
  ALTER TABLE "MASTERBIKES2"."ARRIENDO" ADD CONSTRAINT "ARRIENDO_USUARIO_FK" FOREIGN KEY ("ID_USUARIO")
	  REFERENCES "MASTERBIKES2"."USUARIO" ("ID_USUARIO") ENABLE;
--------------------------------------------------------
--  Ref Constraints for Table BICICLETA
--------------------------------------------------------

  ALTER TABLE "MASTERBIKES2"."BICICLETA" ADD CONSTRAINT "BICICLETA_MARCA_FK" FOREIGN KEY ("ID_MARCA")
	  REFERENCES "MASTERBIKES2"."MARCA" ("ID_MARCA") ENABLE;
  ALTER TABLE "MASTERBIKES2"."BICICLETA" ADD CONSTRAINT "BICICLETA_MODELO_FK" FOREIGN KEY ("ID_MODELO")
	  REFERENCES "MASTERBIKES2"."MODELO" ("ID_MODELO") ENABLE;
  ALTER TABLE "MASTERBIKES2"."BICICLETA" ADD CONSTRAINT "BICICLETA_TIPOBICICLETA_FK" FOREIGN KEY ("ID_TIPOBICICLETA")
	  REFERENCES "MASTERBIKES2"."TIPOBICICLETA" ("ID_TIPOBICICLETA") ENABLE;
--------------------------------------------------------
--  Ref Constraints for Table COMUNA
--------------------------------------------------------

  ALTER TABLE "MASTERBIKES2"."COMUNA" ADD CONSTRAINT "COMUNA_CIUDAD_FK" FOREIGN KEY ("ID_CIUDAD")
	  REFERENCES "MASTERBIKES2"."CIUDAD" ("ID_CIUDAD") ENABLE;
--------------------------------------------------------
--  Ref Constraints for Table DESPACHO
--------------------------------------------------------

  ALTER TABLE "MASTERBIKES2"."DESPACHO" ADD CONSTRAINT "DESPACHO_ESTADODESPACHO_FK" FOREIGN KEY ("ID_ESTADODESPACHO")
	  REFERENCES "MASTERBIKES2"."ESTADODESPACHO" ("ID_ESTADODESPACHO") ENABLE;
  ALTER TABLE "MASTERBIKES2"."DESPACHO" ADD CONSTRAINT "DESPACHO_TIPODESPACHO_FK" FOREIGN KEY ("ID_TIPODESPACHO")
	  REFERENCES "MASTERBIKES2"."TIPODESPACHO" ("ID_TIPODESPACHO") ENABLE;
  ALTER TABLE "MASTERBIKES2"."DESPACHO" ADD CONSTRAINT "DESPACHO_USUARIO_FK" FOREIGN KEY ("ID_USUARIO")
	  REFERENCES "MASTERBIKES2"."USUARIO" ("ID_USUARIO") ENABLE;
--------------------------------------------------------
--  Ref Constraints for Table PROVEEDOR
--------------------------------------------------------

  ALTER TABLE "MASTERBIKES2"."PROVEEDOR" ADD CONSTRAINT "PROVEEDOR_USUARIO_FK" FOREIGN KEY ("ID_USUARIO")
	  REFERENCES "MASTERBIKES2"."USUARIO" ("ID_USUARIO") ENABLE;
--------------------------------------------------------
--  Ref Constraints for Table REPARACION
--------------------------------------------------------

  ALTER TABLE "MASTERBIKES2"."REPARACION" ADD CONSTRAINT "REPARACION_ESTADOREPARACION_FK" FOREIGN KEY ("ID_ESTADOREPARACION")
	  REFERENCES "MASTERBIKES2"."ESTADOREPARACION" ("ID_ESTADOREPARACION") ENABLE;
  ALTER TABLE "MASTERBIKES2"."REPARACION" ADD CONSTRAINT "REPARACION_USUARIO_FK" FOREIGN KEY ("ID_USUARIO")
	  REFERENCES "MASTERBIKES2"."USUARIO" ("ID_USUARIO") ENABLE;
--------------------------------------------------------
--  Ref Constraints for Table USUARIO
--------------------------------------------------------

  ALTER TABLE "MASTERBIKES2"."USUARIO" ADD CONSTRAINT "USUARIO_COMUNA_FK" FOREIGN KEY ("ID_COMUNA")
	  REFERENCES "MASTERBIKES2"."COMUNA" ("ID_COMUNA") ENABLE;
  ALTER TABLE "MASTERBIKES2"."USUARIO" ADD CONSTRAINT "USUARIO_SEXO_FK" FOREIGN KEY ("ID_SEXO")
	  REFERENCES "MASTERBIKES2"."SEXO" ("ID_SEXO") ENABLE;
  ALTER TABLE "MASTERBIKES2"."USUARIO" ADD CONSTRAINT "USUARIO_TIPOUSUARIO_FK" FOREIGN KEY ("ID_TIPOUSUARIO")
	  REFERENCES "MASTERBIKES2"."TIPOUSUARIO" ("ID_TIPOUSUARIO") ENABLE;
